Workbook

Sheet Notas
A2: Se procesaron los datos analizando la matriz detectada. Las celdas vacías por inconvergencia fueron filtradas individualmente.
A3: PRECISIÓN NUMÉRICA: Cálculo flotante de 64 bits sin redondeos en memoria.

Sheet Resultados_Simulacion
A1: Re | B1: Posición de trip (x/c) | C1: Cl_max | D1: alfa @ Cl_max | E1: Cd @ Cl_max | F1: (Cl/Cd)_max | G1: alfa @ (Cl/Cd)_max | H1: Cd @ (Cl/Cd)_max | I1: Cd @ Cl=0.50 | J1: alfa @ Cl=0.50 | K1: Encabezado original
A2: 66000 | B2: Libre | C2: 1.407762 | D2: 9.75 | E2: 0.04301454 | F2: 40.039575 | G2: 5.75 | H2: 0.02934674 | I2: 0.028441567 | J2: -0.083706888 | K2: T1_Re0.066_M0.00_N9.0
A3: 66000 | B3: 5% | C3: 1.205866 | D3: 11 | E3: 0.06422879 | F3: 32.947093 | G3: 5 | H3: 0.02901286 | I3: 0.021257213 | J3: -0.19164924 | K3: T1_Re0.066_M0.00_N9.0_XtrTop 5%
A4: 66000 | B4: 10% | C4: 1.322555 | D4: 12.5 | E4: 0.07108319 | F4: 34.545268 | G4: 5.25 | H4: 0.02852078 | I4: 0.020862962 | J4: -0.22195298 | K4: T1_Re0.066_M0.00_N9.0_XtrTop10%
A5: 66000 | B5: 15% | C5: 1.385008 | D5: 11 | E5: 0.05066762 | F5: 36.30487 | G5: 5.5 | H5: 0.0280047 | I5: 0.020415983 | J5: -0.25844766 | K5: T1_Re0.066_M0.00_N9.0_XtrTop15%
A6: 66000 | B6: 20% | C6: 1.407762 | D6: 9.75 | E6: 0.04301458 | F6: 37.944652 | G6: 5.75 | H6: 0.02766548 | I6: 0.019959565 | J6: -0.29808396 | K6: T1_Re0.066_M0.00_N9.0_XtrTop20%
A7: 66000 | B7: 25% | C7: 1.407762 | D7: 9.75 | E7: 0.04301454 | F7: 39.221841 | G7: 6 | H7: 0.02760977 | I7: 0.01956056 | J7: -0.33481511 | K7: T1_Re0.066_M0.00_N9.0_XtrTop25%
A8: 66000 | B8: 30% | C8: 1.407762 | D8: 9.75 | E8: 0.04301454 | F8: 40.98146 | G8: 6.5 | H8: 0.02812096 | I8: 0.019090317 | J8: -0.38098997 | K8: T1_Re0.066_M0.00_N9.0_XtrTop30%
A9: 66000 | B9: 35% | C9: 1.407762 | D9: 9.75 | E9: 0.04301454 | F9: 42.672214 | G9: 6 | H9: 0.02663035 | I9: 0.018519004 | J9: -0.4435362 | K9: T1_Re0.066_M0.00_N9.0_XtrTop35%
A10: 66000 | B10: 38% | C10: 1.407762 | D10: 9.75 | E10: 0.04301454 | F10: 43.243985 | G10: 5.75 | H10: 0.02604198 | I10: 0.01825552 | J10: -0.47571351 | K10: T1_Re0.066_M0.00_N9.0_XtrTop38%
A11: 66000 | B11: 40% | C11: 1.407762 | D11: 9.75 | E11: 0.04301454 | F11: 43.562058 | G11: 5.25 | H11: 0.02490369 | I11: 0.018024199 | J11: -0.5060835 | K11: T1_Re0.066_M0.00_N9.0_XtrTop40%
A12: 66000 | B12: 45% | C12: 1.407762 | D12: 9.75 | E12: 0.04301454 | F12: 43.723216 | G12: 4.5 | H12: 0.02346289 | I12: 0.017659925 | J12: -0.55879539 | K12: T1_Re0.066_M0.00_N9.0_XtrTop45%
A13: 66000 | B13: 48% | C13: 1.407762 | D13: 9.75 | E13: 0.04301454 | F13: 43.559843 | G13: 4.25 | H13: 0.02316535 | I13: 0.01751122 | J13: -0.58259267 | K13: T1_Re0.066_M0.00_N9.0_XtrTop48%
... A210: 231000 | B210: 70% | C210: 1.399889 | D210: 10.25 | E210: 0.03224139 | F210: 77.350442 | G210: 2.25 | H210: 0.01117473 | I210: 0.0091253865 | J210: -1.4355249 | K210: T1_Re0.231_M0.00_N9.0_XtrTop70%

Sheet Variación Porcentual frente a L
B2: Re= 119K
B3: Posición de Trip (x/c) | C3: Ángulo de Ataque @ CL=0,50 | D3: CD_@CL=0,50 (Interpolado) | E3: Variación Porcentual frente a Libre (%∆ CD) | F3: Evaluación de la Continuidad Física
B4: Libre (Línea Base) | C4: =Resultados_Simulacion!J97 -> -1.2839015 | D4: =Resultados_Simulacion!I97 -> 0.015326279 | E4: 0%(referencia) | F4: Caso base de referencia (transición natural)
B5: 0.3 | C5: =Resultados_Simulacion!J103 -> -0.77704343 | D5: =Resultados_Simulacion!I103 -> 0.014674283 | E5: =(D5-D4)/D4 -> -0.042541066 | F5: Reducción progresiva de CD por control de la burbuja
B6: 0.38 | C6: =Resultados_Simulacion!J105 -> -0.86703949 | D6: =Resultados_Simulacion!I105 -> 0.013935126 | E6: =(D6-D4)/D4 -> -0.090769122 | F6: Comportamiento suave y continuo sin artefactos
B7: 0.45 | C7: =Resultados_Simulacion!J107 -> -0.94953221 | D7: =Resultados_Simulacion!I107 -> 0.01336013 | E7: =(D7-D4)/D4 -> -0.12828613 | F7: Tendencia monótona previsible en el tramo lineal

Sheet Variacion_vs_Libre
A1: Re | B1: Posición de trip (x/c) | C1: Cl_max | D1: % var. Cl_max | E1: Cd @ Cl_max | F1: % var. Cd @ Cl_max | G1: (Cl/Cd)_max | H1: % var. (Cl/Cd)_max | I1: Cd @ (Cl/Cd)_max | J1: % var. Cd @ (Cl/Cd)_max | K1: Cd @ Cl=0.50 | L1: % var. Cd @ Cl=0.50
A2: 66000 | B2: Libre | C2: =Resultados_Simulacion!C2 -> 1.407762 | D2: =(C2-Resultados_Simulacion!C2)/Resultados_Simulacion!C2 -> 0 | E2: =Resultados_Simulacion!E2 -> 0.04301454 | F2: =(E2-Resultados_Simulacion!E2)/Resultados_Simulacion!E2 -> 0 | G2: =Resultados_Simulacion!F2 -> 40.039575 | H2: =(G2-Resultados_Simulacion!F2)/Resultados_Simulacion!F2 -> 0 | I2: =Resultados_Simulacion!H2 -> 0.02934674 | J2: =(I2-Resultados_Simulacion!H2)/Resultados_Simulacion!H2 -> 0 | K2: =Resultados_Simulacion!I2 -> 0.028441567 | L2: =(K2-Resultados_Simulacion!I2)/Resultados_Simulacion!I2 -> 0
A3: 66000 | B3: 5% | C3: =Resultados_Simulacion!C3 -> 1.205866 | D3: =(C3-Resultados_Simulacion!C2)/Resultados_Simulacion!C2 -> -0.14341629 | E3: =Resultados_Simulacion!E3 -> 0.06422879 | F3: =(E3-Resultados_Simulacion!E2)/Resultados_Simulacion!E2 -> 0.49318788 | G3: =Resultados_Simulacion!F3 -> 32.947093 | H3: =(G3-Resultados_Simulacion!F2)/Resultados_Simulacion!F2 -> -0.17713679 | I3: =Resultados_Simulacion!H3 -> 0.02901286 | J3: =(I3-Resultados_Simulacion!H2)/Resultados_Simulacion!H2 -> -0.011377073 | K3: =Resultados_Simulacion!I3 -> 0.021257213 | L3: =(K3-Resultados_Simulacion!I2)/Resultados_Simulacion!I2 -> -0.2526005
A4: 66000 | B4: 10% | C4: =Resultados_Simulacion!C4 -> 1.322555 | D4: =(C4-Resultados_Simulacion!C2)/Resultados_Simulacion!C2 -> -0.060526566 | E4: =Resultados_Simulacion!E4 -> 0.07108319 | F4: =(E4-Resultados_Simulacion!E2)/Resultados_Simulacion!E2 -> 0.65253865 | G4: =Resultados_Simulacion!F4 -> 34.545268 | H4: =(G4-Resultados_Simulacion!F2)/Resultados_Simulacion!F2 -> -0.1372219 | I4: =Resultados_Simulacion!H4 -> 0.02852078 | J4: =(I4-Resultados_Simulacion!H2)/Resultados_Simulacion!H2 -> -0.028144864 | K4: =Resultados_Simulacion!I4 -> 0.020862962 | L4: =(K4-Resultados_Simulacion!I2)/Resultados_Simulacion!I2 -> -0.2664623
A5: 66000 | B5: 15% | C5: =Resultados_Simulacion!C5 -> 1.385008 | D5: =(C5-Resultados_Simulacion!C2)/Resultados_Simulacion!C2 -> -0.016163244 | E5: =Resultados_Simulacion!E5 -> 0.05066762 | F5: =(E5-Resultados_Simulacion!E2)/Resultados_Simulacion!E2 -> 0.17791844 | G5: =Resultados_Simulacion!F5 -> 36.30487 | H5: =(G5-Resultados_Simulacion!F2)/Resultados_Simulacion!F2 -> -0.093275337 | I5: =Resultados_Simulacion!H5 -> 0.0280047 | J5: =(I5-Resultados_Simulacion!H2)/Resultados_Simulacion!H2 -> -0.045730463 | K5: =Resultados_Simulacion!I5 -> 0.020415983 | L5: =(K5-Resultados_Simulacion!I2)/Resultados_Simulacion!I2 -> -0.282178
A6: 66000 | B6: 20% | C6: =Resultados_Simulacion!C6 -> 1.407762 | D6: =(C6-Resultados_Simulacion!C2)/Resultados_Simulacion!C2 -> 0 | E6: =Resultados_Simulacion!E6 -> 0.04301458 | F6: =(E6-Resultados_Simulacion!E2)/Resultados_Simulacion!E2 -> 9.2991812e-07 | G6: =Resultados_Simulacion!F6 -> 37.944652 | H6: =(G6-Resultados_Simulacion!F2)/Resultados_Simulacion!F2 -> -0.052321322 | I6: =Resultados_Simulacion!H6 -> 0.02766548 | J6: =(I6-Resultados_Simulacion!H2)/Resultados_Simulacion!H2 -> -0.057289498 | K6: =Resultados_Simulacion!I6 -> 0.019959565 | L6: =(K6-Resultados_Simulacion!I2)/Resultados_Simulacion!I2 -> -0.29822557
A7: 66000 | B7: 25% | C7: =Resultados_Simulacion!C7 -> 1.407762 | D7: =(C7-Resultados_Simulacion!C2)/Resultados_Simulacion!C2 -> 0 | E7: =Resultados_Simulacion!E7 -> 0.04301454 | F7: =(E7-Resultados_Simulacion!E2)/Resultados_Simulacion!E2 -> 0 | G7: =Resultados_Simulacion!F7 -> 39.221841 | H7: =(G7-Resultados_Simulacion!F2)/Resultados_Simulacion!F2 -> -0.020423154 | I7: =Resultados_Simulacion!H7 -> 0.02760977 | J7: =(I7-Resultados_Simulacion!H2)/Resultados_Simulacion!H2 -> -0.059187835 | K7: =Resultados_Simulacion!I7 -> 0.01956056 | L7: =(K7-Resultados_Simulacion!I2)/Resultados_Simulacion!I2 -> -0.3122545
A8: 66000 | B8: 30% | C8: =Resultados_Simulacion!C8 -> 1.407762 | D8: =(C8-Resultados_Simulacion!C2)/Resultados_Simulacion!C2 -> 0 | E8: =Resultados_Simulacion!E8 -> 0.04301454 | F8: =(E8-Resultados_Simulacion!E2)/Resultados_Simulacion!E2 -> 0 | G8: =Resultados_Simulacion!F8 -> 40.98146 | H8: =(G8-Resultados_Simulacion!F2)/Resultados_Simulacion!F2 -> 0.023523851 | I8: =Resultados_Simulacion!H8 -> 0.02812096 | J8: =(I8-Resultados_Simulacion!H2)/Resultados_Simulacion!H2 -> -0.041768864 | K8: =Resultados_Simulacion!I8 -> 0.019090317 | L8: =(K8-Resultados_Simulacion!I2)/Resultados_Simulacion!I2 -> -0.32878816
A9: 66000 | B9: 35% | C9: =Resultados_Simulacion!C9 -> 1.407762 | D9: =(C9-Resultados_Simulacion!C2)/Resultados_Simulacion!C2 -> 0 | E9: =Resultados_Simulacion!E9 -> 0.04301454 | F9: =(E9-Resultados_Simulacion!E2)/Resultados_Simulacion!E2 -> 0 | G9: =Resultados_Simulacion!F9 -> 42.672214 | H9: =(G9-Resultados_Simulacion!F2)/Resultados_Simulacion!F2 -> 0.065750926 | I9: =Resultados_Simulacion!H9 -> 0.02663035 | J9: =(I9-Resultados_Simulacion!H2)/Resultados_Simulacion!H2 -> -0.0925619 | K9: =Resultados_Simulacion!I9 -> 0.018519004 | L9: =(K9-Resultados_Simulacion!I2)/Resultados_Simulacion!I2 -> -0.34887539
A10: 66000 | B10: 38% | C10: =Resultados_Simulacion!C10 -> 1.407762 | D10: =(C10-Resultados_Simulacion!C2)/Resultados_Simulacion!C2 -> 0 | E10: =Resultados_Simulacion!E10 -> 0.04301454 | F10: =(E10-Resultados_Simulacion!E2)/Resultados_Simulacion!E2 -> 0 | G10: =Resultados_Simulacion!F10 -> 43.243985 | H10: =(G10-Resultados_Simulacion!F2)/Resultados_Simulacion!F2 -> 0.080031074 | I10: =Resultados_Simulacion!H10 -> 0.02604198 | J10: =(I10-Resultados_Simulacion!H2)/Resultados_Simulacion!H2 -> -0.1126108 | K10: =Resultados_Simulacion!I10 -> 0.01825552 | L10: =(K10-Resultados_Simulacion!I2)/Resultados_Simulacion!I2 -> -0.35813945
A11: 66000 | B11: 40% | C11: =Resultados_Simulacion!C11 -> 1.407762 | D11: =(C11-Resultados_Simulacion!C2)/Resultados_Simulacion!C2 -> 0 | E11: =Resultados_Simulacion!E11 -> 0.04301454 | F11: =(E11-Resultados_Simulacion!E2)/Resultados_Simulacion!E2 -> 0 | G11: =Resultados_Simulacion!F11 -> 43.562058 | H11: =(G11-Resultados_Simulacion!F2)/Resultados_Simulacion!F2 -> 0.087975044 | I11: =Resultados_Simulacion!H11 -> 0.02490369 | J11: =(I11-Resultados_Simulacion!H2)/Resultados_Simulacion!H2 -> -0.15139842 | K11: =Resultados_Simulacion!I11 -> 0.018024199 | L11: =(K11-Resultados_Simulacion!I2)/Resultados_Simulacion!I2 -> -0.36627267
A12: 66000 | B12: 45% | C12: =Resultados_Simulacion!C12 -> 1.407762 | D12: =(C12-Resultados_Simulacion!C2)/Resultados_Simulacion!C2 -> 0 | E12: =Resultados_Simulacion!E12 -> 0.04301454 | F12: =(E12-Resultados_Simulacion!E2)/Resultados_Simulacion!E2 -> 0 | G12: =Resultados_Simulacion!F12 -> 43.723216 | H12: =(G12-Resultados_Simulacion!F2)/Resultados_Simulacion!F2 -> 0.091999992 | I12: =Resultados_Simulacion!H12 -> 0.02346289 | J12: =(I12-Resultados_Simulacion!H2)/Resultados_Simulacion!H2 -> -0.20049416 | K12: =Resultados_Simulacion!I12 -> 0.017659925 | L12: =(K12-Resultados_Simulacion!I2)/Resultados_Simulacion!I2 -> -0.37908046
A13: 66000 | B13: 48% | C13: =Resultados_Simulacion!C13 -> 1.407762 | D13: =(C13-Resultados_Simulacion!C2)/Resultados_Simulacion!C2 -> 0 | E13: =Resultados_Simulacion!E13 -> 0.04301454 | F13: =(E13-Resultados_Simulacion!E2)/Resultados_Simulacion!E2 -> 0 | G13: =Resultados_Simulacion!F13 -> 43.559843 | H13: =(G13-Resultados_Simulacion!F2)/Resultados_Simulacion!F2 -> 0.087919702 | I13: =Resultados_Simulacion!H13 -> 0.02316535 | J13: =(I13-Resultados_Simulacion!H2)/Resultados_Simulacion!H2 -> -0.21063294 | K13: =Resultados_Simulacion!I13 -> 0.01751122 | L13: =(K13-Resultados_Simulacion!I2)/Resultados_Simulacion!I2 -> -0.38430891
A14: 66000 | B14: 50% | C14: =Resultados_Simulacion!C14 -> 1.407762 | D14: =(C14-Resultados_Simulacion!C2)/Resultados_Simulacion!C2 -> 0 | E14: =Resultados_Simulacion!E14 -> 0.04301454 | F14: =(E14-Resultados_Simulacion!E2)/Resultados_Simulacion!E2 -> 0 | G14: =Resultados_Simulacion!F14 -> 43.27614 | H14: =(G14-Resultados_Simulacion!F2)/Resultados_Simulacion!F2 -> 0.080834141 | I14: =Resultados_Simulacion!H14 -> 0.02219771 | J14: =(I14-Resultados_Simulacion!H2)/Resultados_Simulacion!H2 -> -0.24360559 | K14: =Resultados_Simulacion!I14 -> 0.017381612 | L14: =(K14-Resultados_Simulacion!I2)/Resultados_Simulacion!I2 -> -0.38886589
A15: 66000 | B15: 55% | C15: =Resultados_Simulacion!C15 -> 1.407762 | D15: =(C15-Resultados_Simulacion!C2)/Resultados_Simulacion!C2 -> 0 | E15: =Resultados_Simulacion!E15 -> 0.04301454 | F15: =(E15-Resultados_Simulacion!E2)/Resultados_Simulacion!E2 -> 0 | G15: =Resultados_Simulacion!F15 -> 42.136725 | H15: =(G15-Resultados_Simulacion!F2)/Resultados_Simulacion!F2 -> 0.052376938 | I15: =Resultados_Simulacion!H15 -> 0.02185592 | J15: =(I15-Resultados_Simulacion!H2)/Resultados_Simulacion!H2 -> -0.2552522 | K15: =Resultados_Simulacion!I15 -> 0.017189425 | L15: =(K15-Resultados_Simulacion!I2)/Resultados_Simulacion!I2 -> -0.39562313
A16: 66000 | B16: 57% | C16: =Resultados_Simulacion!C16 -> 1.407762 | D16: =(C16-Resultados_Simulacion!C2)/Resultados_Simulacion!C2 -> 0 | E16: =Resultados_Simulacion!E16 -> 0.04301454 | F16: =(E16-Resultados_Simulacion!E2)/Resultados_Simulacion!E2 -> 0 | G16: =Resultados_Simulacion!F16 -> 41.171515 | H16: =(G16-Resultados_Simulacion!F2)/Resultados_Simulacion!F2 -> 0.028270536 | I16: =Resultados_Simulacion!H16 -> 0.02108517 | J16: =(I16-Resultados_Simulacion!H2)/Resultados_Simulacion!H2 -> -0.28151577 | K16: =Resultados_Simulacion!I16 -> 0.017137566 | L16: =(K16-Resultados_Simulacion!I2)/Resultados_Simulacion!I2 -> -0.39744651
A17: 66000 | B17: 60% | C17: =Resultados_Simulacion!C17 -> 1.407762 | D17: =(C17-Resultados_Simulacion!C2)/Resultados_Simulacion!C2 -> 0 | E17: =Resultados_Simulacion!E17 -> 0.04301454 | F17: =(E17-Resultados_Simulacion!E2)/Resultados_Simulacion!E2 -> 0 | G17: =Resultados_Simulacion!F17 -> 40.12735 | H17: =(G17-Resultados_Simulacion!F2)/Resultados_Simulacion!F2 -> 0.0021921997 | I17: =Resultados_Simulacion!H17 -> 0.02108601 | J17: =(I17-Resultados_Simulacion!H2)/Resultados_Simulacion!H2 -> -0.28148714 | K17: =Resultados_Simulacion!I17 -> 0.017119058 | L17: =(K17-Resultados_Simulacion!I2)/Resultados_Simulacion!I2 -> -0.39809724
A18: 66000 | B18: 65% | C18: =Resultados_Simulacion!C18 -> 1.407762 | D18: =(C18-Resultados_Simulacion!C2)/Resultados_Simulacion!C2 -> 0 | E18: =Resultados_Simulacion!E18 -> 0.04301454 | F18: =(E18-Resultados_Simulacion!E2)/Resultados_Simulacion!E2 -> 0 | G18: =Resultados_Simulacion!F18 -> 40.039575 | H18: =(G18-Resultados_Simulacion!F2)/Resultados_Simulacion!F2 -> 0 | I18: =Resultados_Simulacion!H18 -> 0.02934674 | J18: =(I18-Resultados_Simulacion!H2)/Resultados_Simulacion!H2 -> 0 | K18: =Resultados_Simulacion!I18 -> 0.017205349 | L18: =(K18-Resultados_Simulacion!I2)/Resultados_Simulacion!I2 -> -0.39506324
A19: 66000 | B19: 68% | C19: =Resultados_Simulacion!C19 -> 1.407762 | D19: =(C19-Resultados_Simulacion!C2)/Resultados_Simulacion!C2 -> 0 | E19: =Resultados_Simulacion!E19 -> 0.04301454 | F19: =(E19-Resultados_Simulacion!E2)/Resultados_Simulacion!E2 -> 0 | G19: =Resultados_Simulacion!F19 -> 40.039575 | H19: =(G19-Resultados_Simulacion!F2)/Resultados_Simulacion!F2 -> 0 | I19: =Resultados_Simulacion!H19 -> 0.02934674 | J19: =(I19-Resultados_Simulacion!H2)/Resultados_Simulacion!H2 -> 0 | K19: =Resultados_Simulacion!I19 -> 0.017329521 | L19: =(K19-Resultados_Simulacion!I2)/Resultados_Simulacion!I2 -> -0.39069739
A20: 66000 | B20: 70% | C20: =Resultados_Simulacion!C20 -> 1.407762 | D20: =(C20-Resultados_Simulacion!C2)/Resultados_Simulacion!C2 -> 0 | E20: =Resultados_Simulacion!E20 -> 0.04301454 | F20: =(E20-Resultados_Simulacion!E2)/Resultados_Simulacion!E2 -> 0 | G20: =Resultados_Simulacion!F20 -> 40.039575 | H20: =(G20-Resultados_Simulacion!F2)/Resultados_Simulacion!F2 -> 0 | I20: =Resultados_Simulacion!H20 -> 0.02934674 | J20: =(I20-Resultados_Simulacion!H2)/Resultados_Simulacion!H2 -> 0 | K20: =Resultados_Simulacion!I20 -> 0.01756337 | L20: =(K20-Resultados_Simulacion!I2)/Resultados_Simulacion!I2 -> -0.38247532
A21: 73000 | B21: Libre | C21: =Resultados_Simulacion!C21 -> 1.396031 | D21: =(C21-Resultados_Simulacion!C21)/Resultados_Simulacion!C21 -> 0 | E21: =Resultados_Simulacion!E21 -> 0.04061992 | F21: =(E21-Resultados_Simulacion!E21)/Resultados_Simulacion!E21 -> 0 | G21: =Resultados_Simulacion!F21 -> 43.234172 | H21: =(G21-Resultados_Simulacion!F21)/Resultados_Simulacion!F21 -> 0 | I21: =Resultados_Simulacion!H21 -> 0.02781256 | J21: =(I21-Resultados_Simulacion!H21)/Resultados_Simulacion!H21 -> 0 | K21: =Resultados_Simulacion!I21 -> 0.025858 | L21: =(K21-Resultados_Simulacion!I21)/Resultados_Simulacion!I21 -> 0
A22: 73000 | B22: 5% | C22: =Resultados_Simulacion!C22 -> 1.232554 | D22: =(C22-Resultados_Simulacion!C21)/Resultados_Simulacion!C21 -> -0.11710127 | E22: =Resultados_Simulacion!E22 -> 0.06045188 | F22: =(E22-Resultados_Simulacion!E21)/Resultados_Simulacion!E21 -> 0.48823237 | G22: =Resultados_Simulacion!F22 -> 34.919186 | H22: =(G22-Resultados_Simulacion!F21)/Resultados_Simulacion!F21 -> -0.1923244 | I22: =Resultados_Simulacion!H22 -> 0.02780515 | J22: =(I22-Resultados_Simulacion!H21)/Resultados_Simulacion!H21 -> -0.00026642639 | K22: =Resultados_Simulacion!I22 -> 0.020358694 | L22: =(K22-Resultados_Simulacion!I21)/Resultados_Simulacion!I21 -> -0.21267328
A23: 73000 | B23: 10% | C23: =Resultados_Simulacion!C23 -> 1.322094 | D23: =(C23-Resultados_Simulacion!C21)/Resultados_Simulacion!C21 -> -0.052962291 | E23: =Resultados_Simulacion!E23 -> 0.06590917 | F23: =(E23-Resultados_Simulacion!E21)/Resultados_Simulacion!E21 -> 0.62258247 | G23: =Resultados_Simulacion!F23 -> 36.694126 | H23: =(G23-Resultados_Simulacion!F21)/Resultados_Simulacion!F21 -> -0.15127029 | I23: =Resultados_Simulacion!H23 -> 0.02727878 | J23: =(I23-Resultados_Simulacion!H21)/Resultados_Simulacion!H21 -> -0.019192048 | K23: =Resultados_Simulacion!I23 -> 0.019975364 | L23: =(K23-Resultados_Simulacion!I21)/Resultados_Simulacion!I21 -> -0.22749771
A24: 73000 | B24: 15% | C24: =Resultados_Simulacion!C24 -> 1.378072 | D24: =(C24-Resultados_Simulacion!C21)/Resultados_Simulacion!C21 -> -0.012864328 | E24: =Resultados_Simulacion!E24 -> 0.04889419 | F24: =(E24-Resultados_Simulacion!E21)/Resultados_Simulacion!E21 -> 0.20369981 | G24: =Resultados_Simulacion!F24 -> 38.619947 | H24: =(G24-Resultados_Simulacion!F21)/Resultados_Simulacion!F21 -> -0.10672634 | I24: =Resultados_Simulacion!H24 -> 0.02674144 | J24: =(I24-Resultados_Simulacion!H21)/Resultados_Simulacion!H21 -> -0.038512097 | K24: =Resultados_Simulacion!I24 -> 0.019541416 | L24: =(K24-Resultados_Simulacion!I21)/Resultados_Simulacion!I21 -> -0.24427965
A25: 73000 | B25: 20% | C25: =Resultados_Simulacion!C25 -> 1.396031 | D25: =(C25-Resultados_Simulacion!C21)/Resultados_Simulacion!C21 -> 0 | E25: =Resultados_Simulacion!E25 -> 0.04061992 | F25: =(E25-Resultados_Simulacion!E21)/Resultados_Simulacion!E21 -> 0 | G25: =Resultados_Simulacion!F25 -> 40.392532 | H25: =(G25-Resultados_Simulacion!F21)/Resultados_Simulacion!F21 -> -0.0657267 | I25: =Resultados_Simulacion!H25 -> 0.02687472 | J25: =(I25-Resultados_Simulacion!H21)/Resultados_Simulacion!H21 -> -0.033720017 | K25: =Resultados_Simulacion!I25 -> 0.019100652 | L25: =(K25-Resultados_Simulacion!I21)/Resultados_Simulacion!I21 -> -0.26132524
A26: 73000 | B26: 25% | C26: =Resultados_Simulacion!C26 -> 1.396031 | D26: =(C26-Resultados_Simulacion!C21)/Resultados_Simulacion!C21 -> 0 | E26: =Resultados_Simulacion!E26 -> 0.04061992 | F26: =(E26-Resultados_Simulacion!E21)/Resultados_Simulacion!E21 -> 0 | G26: =Resultados_Simulacion!F26 -> 41.74387 | H26: =(G26-Resultados_Simulacion!F21)/Resultados_Simulacion!F21 -> -0.034470462 | I26: =Resultados_Simulacion!H26 -> 0.0268231 | J26: =(I26-Resultados_Simulacion!H21)/Resultados_Simulacion!H21 -> -0.035576013 | K26: =Resultados_Simulacion!I26 -> 0.018711268 | L26: =(K26-Resultados_Simulacion!I21)/Resultados_Simulacion!I21 -> -0.27638378
A27: 73000 | B27: 30% | C27: =Resultados_Simulacion!C27 -> 1.396031 | D27: =(C27-Resultados_Simulacion!C21)/Resultados_Simulacion!C21 -> 0 | E27: =Resultados_Simulacion!E27 -> 0.04061992 | F27: =(E27-Resultados_Simulacion!E21)/Resultados_Simulacion!E21 -> 0 | G27: =Resultados_Simulacion!F27 -> 43.458622 | H27: =(G27-Resultados_Simulacion!F21)/Resultados_Simulacion!F21 -> 0.0051914997 | I27: =Resultados_Simulacion!H27 -> 0.02685237 | J27: =(I27-Resultados_Simulacion!H21)/Resultados_Simulacion!H21 -> -0.034523611 | K27: =Resultados_Simulacion!I27 -> 0.018252918 | L27: =(K27-Resultados_Simulacion!I21)/Resultados_Simulacion!I21 -> -0.29410944
A28: 73000 | B28: 35% | C28: =Resultados_Simulacion!C28 -> 1.396031 | D28: =(C28-Resultados_Simulacion!C21)/Resultados_Simulacion!C21 -> 0 | E28: =Resultados_Simulacion!E28 -> 0.04061992 | F28: =(E28-Resultados_Simulacion!E21)/Resultados_Simulacion!E21 -> 0 | G28: =Resultados_Simulacion!F28 -> 45.103905 | H28: =(G28-Resultados_Simulacion!F21)/Resultados_Simulacion!F21 -> 0.043246639 | I28: =Resultados_Simulacion!H28 -> 0.02547724 | J28: =(I28-Resultados_Simulacion!H21)/Resultados_Simulacion!H21 -> -0.083966381 | K28: =Resultados_Simulacion!I28 -> 0.017698904 | L28: =(K28-Resultados_Simulacion!I21)/Resultados_Simulacion!I21 -> -0.31553467
A29: 73000 | B29: 38% | C29: =Resultados_Simulacion!C29 -> 1.396031 | D29: =(C29-Resultados_Simulacion!C21)/Resultados_Simulacion!C21 -> 0 | E29: =Resultados_Simulacion!E29 -> 0.04061992 | F29: =(E29-Resultados_Simulacion!E21)/Resultados_Simulacion!E21 -> 0 | G29: =Resultados_Simulacion!F29 -> 45.672292 | H29: =(G29-Resultados_Simulacion!F21)/Resultados_Simulacion!F21 -> 0.056393361 | I29: =Resultados_Simulacion!H29 -> 0.02429762 | J29: =(I29-Resultados_Simulacion!H21)/Resultados_Simulacion!H21 -> -0.12637959 | K29: =Resultados_Simulacion!I29 -> 0.017442508 | L29: =(K29-Resultados_Simulacion!I21)/Resultados_Simulacion!I21 -> -0.32545024
A30: 73000 | B30: 40% | C30: =Resultados_Simulacion!C30 -> 1.396031 | D30: =(C30-Resultados_Simulacion!C21)/Resultados_Simulacion!C21 -> 0 | E30: =Resultados_Simulacion!E30 -> 0.04061992 | F30: =(E30-Resultados_Simulacion!E21)/Resultados_Simulacion!E21 -> 0 | G30: =Resultados_Simulacion!F30 -> 46.010602 | H30: =(G30-Resultados_Simulacion!F21)/Resultados_Simulacion!F21 -> 0.064218408 | I30: =Resultados_Simulacion!H30 -> 0.02382853 | J30: =(I30-Resultados_Simulacion!H21)/Resultados_Simulacion!H21 -> -0.14324571 | K30: =Resultados_Simulacion!I30 -> 0.017215517 | L30: =(K30-Resultados_Simulacion!I21)/Resultados_Simulacion!I21 -> -0.3342286
A31: 73000 | B31: 45% | C31: =Resultados_Simulacion!C31 -> 1.396031 | D31: =(C31-Resultados_Simulacion!C21)/Resultados_Simulacion!C21 -> 0 | E31: =Resultados_Simulacion!E31 -> 0.04061992 | F31: =(E31-Resultados_Simulacion!E21)/Resultados_Simulacion!E21 -> 0 | G31: =Resultados_Simulacion!F31 -> 46.192795 | H31: =(G31-Resultados_Simulacion!F21)/Resultados_Simulacion!F21 -> 0.068432525 | I31: =Resultados_Simulacion!H31 -> 0.0224414 | J31: =(I31-Resultados_Simulacion!H21)/Resultados_Simulacion!H21 -> -0.19311994 | K31: =Resultados_Simulacion!I31 -> 0.01684928 | L31: =(K31-Resultados_Simulacion!I21)/Resultados_Simulacion!I21 -> -0.34839196
A32: 73000 | B32: 48% | C32: =Resultados_Simulacion!C32 -> 1.396031 | D32: =(C32-Resultados_Simulacion!C21)/Resultados_Simulacion!C21 -> 0 | E32: =Resultados_Simulacion!E32 -> 0.04061992 | F32: =(E32-Resultados_Simulacion!E21)/Resultados_Simulacion!E21 -> 0 | G32: =Resultados_Simulacion!F32 -> 46.050969 | H32: =(G32-Resultados_Simulacion!F21)/Resultados_Simulacion!F21 -> 0.065152109 | I32: =Resultados_Simulacion!H32 -> 0.02148545 | J32: =(I32-Resultados_Simulacion!H21)/Resultados_Simulacion!H21 -> -0.2274911 | K32: =Resultados_Simulacion!I32 -> 0.016696282 | L32: =(K32-Resultados_Simulacion!I21)/Resultados_Simulacion!I21 -> -0.35430882
A33: 73000 | B33: 50% | C33: =Resultados_Simulacion!C33 -> 1.396031 | D33: =(C33-Resultados_Simulacion!C21)/Resultados_Simulacion!C21 -> 0 | E33: =Resultados_Simulacion!E33 -> 0.04061992 | F33: =(E33-Resultados_Simulacion!E21)/Resultados_Simulacion!E21 -> 0 | G33: =Resultados_Simulacion!F33 -> 45.799911 | H33: =(G33-Resultados_Simulacion!F21)/Resultados_Simulacion!F21 -> 0.059345156 | I33: =Resultados_Simulacion!H33 -> 0.02119912 | J33: =(I33-Resultados_Simulacion!H21)/Resultados_Simulacion!H21 -> -0.23778609 | K33: =Resultados_Simulacion!I33 -> 0.016560086 | L33: =(K33-Resultados_Simulacion!I21)/Resultados_Simulacion!I21 -> -0.35957591
A34: 73000 | B34: 55% | C34: =Resultados_Simulacion!C34 -> 1.396031 | D34: =(C34-Resultados_Simulacion!C21)/Resultados_Simulacion!C21 -> 0 | E34: =Resultados_Simulacion!E34 -> 0.04061992 | F34: =(E34-Resultados_Simulacion!E21)/Resultados_Simulacion!E21 -> 0 | G34: =Resultados_Simulacion!F34 -> 44.698868 | H34: =(G34-Resultados_Simulacion!F21)/Resultados_Simulacion!F21 -> 0.03387821 | I34: =Resultados_Simulacion!H34 -> 0.02013338 | J34: =(I34-Resultados_Simulacion!H21)/Resultados_Simulacion!H21 -> -0.27610475 | K34: =Resultados_Simulacion!I34 -> 0.016347351 | L34: =(K34-Resultados_Simulacion!I21)/Resultados_Simulacion!I21 -> -0.36780296
A35: 73000 | B35: 57% | C35: =Resultados_Simulacion!C35 -> 1.396031 | D35: =(C35-Resultados_Simulacion!C21)/Resultados_Simulacion!C21 -> 0 | E35: =Resultados_Simulacion!E35 -> 0.04061992 | F35: =(E35-Resultados_Simulacion!E21)/Resultados_Simulacion!E21 -> 0 | G35: =Resultados_Simulacion!F35 -> 43.780976 | H35: =(G35-Resultados_Simulacion!F21)/Resultados_Simulacion!F21 -> 0.012647506 | I35: =Resultados_Simulacion!H35 -> 0.02005482 | J35: =(I35-Resultados_Simulacion!H21)/Resultados_Simulacion!H21 -> -0.27892938 | K35: =Resultados_Simulacion!I35 -> 0.016280798 | L35: =(K35-Resultados_Simulacion!I21)/Resultados_Simulacion!I21 -> -0.37037676
A36: 73000 | B36: 60% | C36: =Resultados_Simulacion!C36 -> 1.396031 | D36: =(C36-Resultados_Simulacion!C21)/Resultados_Simulacion!C21 -> 0 | E36: =Resultados_Simulacion!E36 -> 0.04061992 | F36: =(E36-Resultados_Simulacion!E21)/Resultados_Simulacion!E21 -> 0 | G36: =Resultados_Simulacion!F36 -> 43.234172 | H36: =(G36-Resultados_Simulacion!F21)/Resultados_Simulacion!F21 -> 0 | I36: =Resultados_Simulacion!H36 -> 0.02781256 | J36: =(I36-Resultados_Simulacion!H21)/Resultados_Simulacion!H21 -> 0 | K36: =Resultados_Simulacion!I36 -> 0.016246425 | L36: =(K36-Resultados_Simulacion!I21)/Resultados_Simulacion!I21 -> -0.37170605
A37: 73000 | B37: 65% | C37: =Resultados_Simulacion!C37 -> 1.396031 | D37: =(C37-Resultados_Simulacion!C21)/Resultados_Simulacion!C21 -> 0 | E37: =Resultados_Simulacion!E37 -> 0.04061992 | F37: =(E37-Resultados_Simulacion!E21)/Resultados_Simulacion!E21 -> 0 | G37: =Resultados_Simulacion!F37 -> 43.234172 | H37: =(G37-Resultados_Simulacion!F21)/Resultados_Simulacion!F21 -> 0 | I37: =Resultados_Simulacion!H37 -> 0.02781256 | J37: =(I37-Resultados_Simulacion!H21)/Resultados_Simulacion!H21 -> 0 | K37: =Resultados_Simulacion!I37 -> 0.016290942 | L37: =(K37-Resultados_Simulacion!I21)/Resultados_Simulacion!I21 -> -0.36998444
A38: 73000 | B38: 68% | C38: =Resultados_Simulacion!C38 -> 1.396031 | D38: =(C38-Resultados_Simulacion!C21)/Resultados_Simulacion!C21 -> 0 | E38: =Resultados_Simulacion!E38 -> 0.04061992 | F38: =(E38-Resultados_Simulacion!E21)/Resultados_Simulacion!E21 -> 0 | G38: =Resultados_Simulacion!F38 -> 43.234172 | H38: =(G38-Resultados_Simulacion!F21)/Resultados_Simulacion!F21 -> 0 | I38: =Resultados_Simulacion!H38 -> 0.02781256 | J38: =(I38-Resultados_Simulacion!H21)/Resultados_Simulacion!H21 -> 0 | K38: =Resultados_Simulacion!I38 -> 0.016385723 | L38: =(K38-Resultados_Simulacion!I21)/Resultados_Simulacion!I21 -> -0.36631901
A39: 73000 | B39: 70% | C39: =Resultados_Simulacion!C39 -> 1.396031 | D39: =(C39-Resultados_Simulacion!C21)/Resultados_Simulacion!C21 -> 0 | E39: =Resultados_Simulacion!E39 -> 0.04061992 | F39: =(E39-Resultados_Simulacion!E21)/Resultados_Simulacion!E21 -> 0 | G39: =Resultados_Simulacion!F39 -> 43.234172 | H39: =(G39-Resultados_Simulacion!F21)/Resultados_Simulacion!F21 -> 0 | I39: =Resultados_Simulacion!H39 -> 0.02781256 | J39: =(I39-Resultados_Simulacion!H21)/Resultados_Simulacion!H21 -> 0 | K39: =Resultados_Simulacion!I39 -> 0.016576516 | L39: =(K39-Resultados_Simulacion!I21)/Resultados_Simulacion!I21 -> -0.35894051
A40: 79000 | B40: Libre | C40: =Resultados_Simulacion!C40 -> 1.386712 | D40: =(C40-Resultados_Simulacion!C40)/Resultados_Simulacion!C40 -> 0 | E40: =Resultados_Simulacion!E40 -> 0.0388465 | F40: =(E40-Resultados_Simulacion!E40)/Resultados_Simulacion!E40 -> 0 | G40: =Resultados_Simulacion!F40 -> 45.913696 | H40: =(G40-Resultados_Simulacion!F40)/Resultados_Simulacion!F40 -> 0 | I40: =Resultados_Simulacion!H40 -> 0.02528263 | J40: =(I40-Resultados_Simulacion!H40)/Resultados_Simulacion!H40 -> 0 | K40: =Resultados_Simulacion!I40 -> 0.023353297 | L40: =(K40-Resultados_Simulacion!I40)/Resultados_Simulacion!I40 -> 0
A41: 79000 | B41: 5% | C41: =Resultados_Simulacion!C41 -> 1.25745 | D41: =(C41-Resultados_Simulacion!C40)/Resultados_Simulacion!C40 -> -0.093214741 | E41: =Resultados_Simulacion!E41 -> 0.0570687 | F41: =(E41-Resultados_Simulacion!E40)/Resultados_Simulacion!E40 -> 0.46908216 | G41: =Resultados_Simulacion!F41 -> 36.674034 | H41: =(G41-Resultados_Simulacion!F40)/Resultados_Simulacion!F40 -> -0.20123978 | I41: =Resultados_Simulacion!H41 -> 0.02730804 | J41: =(I41-Resultados_Simulacion!H40)/Resultados_Simulacion!H40 -> 0.080110732 | K41: =Resultados_Simulacion!I41 -> 0.019594677 | L41: =(K41-Resultados_Simulacion!I40)/Resultados_Simulacion!I40 -> -0.16094603
A42: 79000 | B42: 10% | C42: =Resultados_Simulacion!C42 -> 1.32532 | D42: =(C42-Resultados_Simulacion!C40)/Resultados_Simulacion!C40 -> -0.04427163 | E42: =Resultados_Simulacion!E42 -> 0.06119937 | F42: =(E42-Resultados_Simulacion!E40)/Resultados_Simulacion!E40 -> 0.57541529 | G42: =Resultados_Simulacion!F42 -> 38.630919 | H42: =(G42-Resultados_Simulacion!F40)/Resultados_Simulacion!F40 -> -0.15861884 | I42: =Resultados_Simulacion!H42 -> 0.02672859 | J42: =(I42-Resultados_Simulacion!H40)/Resultados_Simulacion!H40 -> 0.057191835 | K42: =Resultados_Simulacion!I42 -> 0.019216866 | L42: =(K42-Resultados_Simulacion!I40)/Resultados_Simulacion!I40 -> -0.17712407
A43: 79000 | B43: 15% | C43: =Resultados_Simulacion!C43 -> 1.376548 | D43: =(C43-Resultados_Simulacion!C40)/Resultados_Simulacion!C40 -> -0.0073295681 | E43: =Resultados_Simulacion!E43 -> 0.04550129 | F43: =(E43-Resultados_Simulacion!E40)/Resultados_Simulacion!E40 -> 0.1713099 | G43: =Resultados_Simulacion!F43 -> 40.737479 | H43: =(G43-Resultados_Simulacion!F40)/Resultados_Simulacion!F40 -> -0.11273799 | I43: =Resultados_Simulacion!H43 -> 0.02614774 | J43: =(I43-Resultados_Simulacion!H40)/Resultados_Simulacion!H40 -> 0.034217564 | K43: =Resultados_Simulacion!I43 -> 0.018789876 | L43: =(K43-Resultados_Simulacion!I40)/Resultados_Simulacion!I40 -> -0.19540802
A44: 79000 | B44: 20% | C44: =Resultados_Simulacion!C44 -> 1.386712 | D44: =(C44-Resultados_Simulacion!C40)/Resultados_Simulacion!C40 -> 0 | E44: =Resultados_Simulacion!E44 -> 0.0388465 | F44: =(E44-Resultados_Simulacion!E40)/Resultados_Simulacion!E40 -> 0 | G44: =Resultados_Simulacion!F44 -> 42.634142 | H44: =(G44-Resultados_Simulacion!F40)/Resultados_Simulacion!F40 -> -0.071428676 | I44: =Resultados_Simulacion!H44 -> 0.02577568 | J44: =(I44-Resultados_Simulacion!H40)/Resultados_Simulacion!H40 -> 0.019501531 | K44: =Resultados_Simulacion!I44 -> 0.018356085 | L44: =(K44-Resultados_Simulacion!I40)/Resultados_Simulacion!I40 -> -0.21398316
A45: 79000 | B45: 25% | C45: =Resultados_Simulacion!C45 -> 1.386712 | D45: =(C45-Resultados_Simulacion!C40)/Resultados_Simulacion!C40 -> 0 | E45: =Resultados_Simulacion!E45 -> 0.0388465 | F45: =(E45-Resultados_Simulacion!E40)/Resultados_Simulacion!E40 -> 0 | G45: =Resultados_Simulacion!F45 -> 44.036463 | H45: =(G45-Resultados_Simulacion!F40)/Resultados_Simulacion!F40 -> -0.040886136 | I45: =Resultados_Simulacion!H45 -> 0.02571603 | J45: =(I45-Resultados_Simulacion!H40)/Resultados_Simulacion!H40 -> 0.017142204 | K45: =Resultados_Simulacion!I45 -> 0.017971231 | L45: =(K45-Resultados_Simulacion!I40)/Resultados_Simulacion!I40 -> -0.23046282
A46: 79000 | B46: 30% | C46: =Resultados_Simulacion!C46 -> 1.386712 | D46: =(C46-Resultados_Simulacion!C40)/Resultados_Simulacion!C40 -> 0 | E46: =Resultados_Simulacion!E46 -> 0.0388465 | F46: =(E46-Resultados_Simulacion!E40)/Resultados_Simulacion!E40 -> 0 | G46: =Resultados_Simulacion!F46 -> 45.694652 | H46: =(G46-Resultados_Simulacion!F40)/Resultados_Simulacion!F40 -> -0.0047707831 | I46: =Resultados_Simulacion!H46 -> 0.02525127 | J46: =(I46-Resultados_Simulacion!H40)/Resultados_Simulacion!H40 -> -0.0012403773 | K46: =Resultados_Simulacion!I46 -> 0.017521945 | L46: =(K46-Resultados_Simulacion!I40)/Resultados_Simulacion!I40 -> -0.24970146
A47: 79000 | B47: 35% | C47: =Resultados_Simulacion!C47 -> 1.386712 | D47: =(C47-Resultados_Simulacion!C40)/Resultados_Simulacion!C40 -> 0 | E47: =Resultados_Simulacion!E47 -> 0.0388465 | F47: =(E47-Resultados_Simulacion!E40)/Resultados_Simulacion!E40 -> 0 | G47: =Resultados_Simulacion!F47 -> 47.31193 | H47: =(G47-Resultados_Simulacion!F40)/Resultados_Simulacion!F40 -> 0.030453517 | I47: =Resultados_Simulacion!H47 -> 0.02392181 | J47: =(I47-Resultados_Simulacion!H40)/Resultados_Simulacion!H40 -> -0.053824305 | K47: =Resultados_Simulacion!I47 -> 0.016983292 | L47: =(K47-Resultados_Simulacion!I40)/Resultados_Simulacion!I40 -> -0.27276685
A48: 79000 | B48: 38% | C48: =Resultados_Simulacion!C48 -> 1.386712 | D48: =(C48-Resultados_Simulacion!C40)/Resultados_Simulacion!C40 -> 0 | E48: =Resultados_Simulacion!E48 -> 0.0388465 | F48: =(E48-Resultados_Simulacion!E40)/Resultados_Simulacion!E40 -> 0 | G48: =Resultados_Simulacion!F48 -> 47.883384 | H48: =(G48-Resultados_Simulacion!F40)/Resultados_Simulacion!F40 -> 0.042899775 | I48: =Resultados_Simulacion!H48 -> 0.0233741 | J48: =(I48-Resultados_Simulacion!H40)/Resultados_Simulacion!H40 -> -0.075487795 | K48: =Resultados_Simulacion!I48 -> 0.01673317 | L48: =(K48-Resultados_Simulacion!I40)/Resultados_Simulacion!I40 -> -0.28347718
A49: 79000 | B49: 40% | C49: =Resultados_Simulacion!C49 -> 1.386712 | D49: =(C49-Resultados_Simulacion!C40)/Resultados_Simulacion!C40 -> 0 | E49: =Resultados_Simulacion!E49 -> 0.0388465 | F49: =(E49-Resultados_Simulacion!E40)/Resultados_Simulacion!E40 -> 0 | G49: =Resultados_Simulacion!F49 -> 48.238896 | H49: =(G49-Resultados_Simulacion!F40)/Resultados_Simulacion!F40 -> 0.050642836 | I49: =Resultados_Simulacion!H49 -> 0.02232634 | J49: =(I49-Resultados_Simulacion!H40)/Resultados_Simulacion!H40 -> -0.11692969 | K49: =Resultados_Simulacion!I49 -> 0.016510097 | L49: =(K49-Resultados_Simulacion!I40)/Resultados_Simulacion!I40 -> -0.29302931
A50: 79000 | B50: 45% | C50: =Resultados_Simulacion!C50 -> 1.386712 | D50: =(C50-Resultados_Simulacion!C40)/Resultados_Simulacion!C40 -> 0 | E50: =Resultados_Simulacion!E50 -> 0.0388465 | F50: =(E50-Resultados_Simulacion!E40)/Resultados_Simulacion!E40 -> 0 | G50: =Resultados_Simulacion!F50 -> 48.443931 | H50: =(G50-Resultados_Simulacion!F40)/Resultados_Simulacion!F40 -> 0.055108492 | I50: =Resultados_Simulacion!H50 -> 0.02096758 | J50: =(I50-Resultados_Simulacion!H40)/Resultados_Simulacion!H40 -> -0.17067251 | K50: =Resultados_Simulacion!I50 -> 0.016144845 | L50: =(K50-Resultados_Simulacion!I40)/Resultados_Simulacion!I40 -> -0.30866959
A51: 79000 | B51: 48% | C51: =Resultados_Simulacion!C51 -> 1.386712 | D51: =(C51-Resultados_Simulacion!C40)/Resultados_Simulacion!C40 -> 0 | E51: =Resultados_Simulacion!E51 -> 0.0388465 | F51: =(E51-Resultados_Simulacion!E40)/Resultados_Simulacion!E40 -> 0 | G51: =Resultados_Simulacion!F51 -> 48.330414 | H51: =(G51-Resultados_Simulacion!F40)/Resultados_Simulacion!F40 -> 0.052636097 | I51: =Resultados_Simulacion!H51 -> 0.02064578 | J51: =(I51-Resultados_Simulacion!H40)/Resultados_Simulacion!H40 -> -0.18340062 | K51: =Resultados_Simulacion!I51 -> 0.01598937 | L51: =(K51-Resultados_Simulacion!I40)/Resultados_Simulacion!I40 -> -0.31532711
A52: 79000 | B52: 50% | C52: =Resultados_Simulacion!C52 -> 1.386712 | D52: =(C52-Resultados_Simulacion!C40)/Resultados_Simulacion!C40 -> 0 | E52: =Resultados_Simulacion!E52 -> 0.0388465 | F52: =(E52-Resultados_Simulacion!E40)/Resultados_Simulacion!E40 -> 0 | G52: =Resultados_Simulacion!F52 -> 48.062465 | H52: =(G52-Resultados_Simulacion!F40)/Resultados_Simulacion!F40 -> 0.046800155 | I52: =Resultados_Simulacion!H52 -> 0.02037346 | J52: =(I52-Resultados_Simulacion!H40)/Resultados_Simulacion!H40 -> -0.19417165 | K52: =Resultados_Simulacion!I52 -> 0.015848927 | L52: =(K52-Resultados_Simulacion!I40)/Resultados_Simulacion!I40 -> -0.32134094
A53: 79000 | B53: 55% | C53: =Resultados_Simulacion!C53 -> 1.386712 | D53: =(C53-Resultados_Simulacion!C40)/Resultados_Simulacion!C40 -> 0 | E53: =Resultados_Simulacion!E53 -> 0.0388465 | F53: =(E53-Resultados_Simulacion!E40)/Resultados_Simulacion!E40 -> 0 | G53: =Resultados_Simulacion!F53 -> 47.071878 | H53: =(G53-Resultados_Simulacion!F40)/Resultados_Simulacion!F40 -> 0.025225191 | I53: =Resultados_Simulacion!H53 -> 0.01928943 | J53: =(I53-Resultados_Simulacion!H40)/Resultados_Simulacion!H40 -> -0.23704812 | K53: =Resultados_Simulacion!I53 -> 0.015623216 | L53: =(K53-Resultados_Simulacion!I40)/Resultados_Simulacion!I40 -> -0.33100601
A54: 79000 | B54: 57% | C54: =Resultados_Simulacion!C54 -> 1.386712 | D54: =(C54-Resultados_Simulacion!C40)/Resultados_Simulacion!C40 -> 0 | E54: =Resultados_Simulacion!E54 -> 0.0388465 | F54: =(E54-Resultados_Simulacion!E40)/Resultados_Simulacion!E40 -> 0 | G54: =Resultados_Simulacion!F54 -> 46.148791 | H54: =(G54-Resultados_Simulacion!F40)/Resultados_Simulacion!F40 -> 0.0051203463 | I54: =Resultados_Simulacion!H54 -> 0.01920015 | J54: =(I54-Resultados_Simulacion!H40)/Resultados_Simulacion!H40 -> -0.2405794 | K54: =Resultados_Simulacion!I54 -> 0.015546641 | L54: =(K54-Resultados_Simulacion!I40)/Resultados_Simulacion!I40 -> -0.33428498
A55: 79000 | B55: 60% | C55: =Resultados_Simulacion!C55 -> 1.386712 | D55: =(C55-Resultados_Simulacion!C40)/Resultados_Simulacion!C40 -> 0 | E55: =Resultados_Simulacion!E55 -> 0.0388465 | F55: =(E55-Resultados_Simulacion!E40)/Resultados_Simulacion!E40 -> 0 | G55: =Resultados_Simulacion!F55 -> 45.913696 | H55: =(G55-Resultados_Simulacion!F40)/Resultados_Simulacion!F40 -> 0 | I55: =Resultados_Simulacion!H55 -> 0.02528263 | J55: =(I55-Resultados_Simulacion!H40)/Resultados_Simulacion!H40 -> 0 | K55: =Resultados_Simulacion!I55 -> 0.015499805 | L55: =(K55-Resultados_Simulacion!I40)/Resultados_Simulacion!I40 -> -0.33629053
A56: 79000 | B56: 65% | C56: =Resultados_Simulacion!C56 -> 1.386712 | D56: =(C56-Resultados_Simulacion!C40)/Resultados_Simulacion!C40 -> 0 | E56: =Resultados_Simulacion!E56 -> 0.0388465 | F56: =(E56-Resultados_Simulacion!E40)/Resultados_Simulacion!E40 -> 0 | G56: =Resultados_Simulacion!F56 -> 45.913696 | H56: =(G56-Resultados_Simulacion!F40)/Resultados_Simulacion!F40 -> 0 | I56: =Resultados_Simulacion!H56 -> 0.02528263 | J56: =(I56-Resultados_Simulacion!H40)/Resultados_Simulacion!H40 -> 0 | K56: =Resultados_Simulacion!I56 -> 0.015510159 | L56: =(K56-Resultados_Simulacion!I40)/Resultados_Simulacion!I40 -> -0.33584717
A57: 79000 | B57: 68% | C57: =Resultados_Simulacion!C57 -> 1.386712 | D57: =(C57-Resultados_Simulacion!C40)/Resultados_Simulacion!C40 -> 0 | E57: =Resultados_Simulacion!E57 -> 0.0388465 | F57: =(E57-Resultados_Simulacion!E40)/Resultados_Simulacion!E40 -> 0 | G57: =Resultados_Simulacion!F57 -> 45.913696 | H57: =(G57-Resultados_Simulacion!F40)/Resultados_Simulacion!F40 -> 0 | I57: =Resultados_Simulacion!H57 -> 0.02528263 | J57: =(I57-Resultados_Simulacion!H40)/Resultados_Simulacion!H40 -> 0 | K57: =Resultados_Simulacion!I57 -> 0.015581179 | L57: =(K57-Resultados_Simulacion!I40)/Resultados_Simulacion!I40 -> -0.33280604
A58: 79000 | B58: 70% | C58: =Resultados_Simulacion!C58 -> 1.386712 | D58: =(C58-Resultados_Simulacion!C40)/Resultados_Simulacion!C40 -> 0 | E58: =Resultados_Simulacion!E58 -> 0.0388465 | F58: =(E58-Resultados_Simulacion!E40)/Resultados_Simulacion!E40 -> 0 | G58: =Resultados_Simulacion!F58 -> 45.913696 | H58: =(G58-Resultados_Simulacion!F40)/Resultados_Simulacion!F40 -> 0 | I58: =Resultados_Simulacion!H58 -> 0.02528263 | J58: =(I58-Resultados_Simulacion!H40)/Resultados_Simulacion!H40 -> 0 | K58: =Resultados_Simulacion!I58 -> 0.015736925 | L58: =(K58-Resultados_Simulacion!I40)/Resultados_Simulacion!I40 -> -0.32613692
A59: 92000 | B59: Libre | C59: =Resultados_Simulacion!C59 -> 1.37282 | D59: =(C59-Resultados_Simulacion!C59)/Resultados_Simulacion!C59 -> 0 | E59: =Resultados_Simulacion!E59 -> 0.03805637 | F59: =(E59-Resultados_Simulacion!E59)/Resultados_Simulacion!E59 -> 0 | G59: =Resultados_Simulacion!F59 -> 50.753521 | H59: =(G59-Resultados_Simulacion!F59)/Resultados_Simulacion!F59 -> 0 | I59: =Resultados_Simulacion!H59 -> 0.02204915 | J59: =(I59-Resultados_Simulacion!H59)/Resultados_Simulacion!H59 -> 0 | K59: =Resultados_Simulacion!I59 -> 0.019868171 | L59: =(K59-Resultados_Simulacion!I59)/Resultados_Simulacion!I59 -> 0
A60: 92000 | B60: 5% | C60: =Resultados_Simulacion!C60 -> 1.303261 | D60: =(C60-Resultados_Simulacion!C59)/Resultados_Simulacion!C59 -> -0.050668697 | E60: =Resultados_Simulacion!E60 -> 0.08698321 | F60: =(E60-Resultados_Simulacion!E59)/Resultados_Simulacion!E59 -> 1.2856413 | G60: =Resultados_Simulacion!F60 -> 39.670318 | H60: =(G60-Resultados_Simulacion!F59)/Resultados_Simulacion!F59 -> -0.2183731 | I60: =Resultados_Simulacion!H60 -> 0.02566773 | J60: =(I60-Resultados_Simulacion!H59)/Resultados_Simulacion!H59 -> 0.16411426 | K60: =Resultados_Simulacion!I60 -> 0.018369514 | L60: =(K60-Resultados_Simulacion!I59)/Resultados_Simulacion!I59 -> -0.075430043
A61: 92000 | B61: 10% | C61: =Resultados_Simulacion!C61 -> 1.336809 | D61: =(C61-Resultados_Simulacion!C59)/Resultados_Simulacion!C59 -> -0.026231407 | E61: =Resultados_Simulacion!E61 -> 0.05295385 | F61: =(E61-Resultados_Simulacion!E59)/Resultados_Simulacion!E59 -> 0.39145825 | G61: =Resultados_Simulacion!F61 -> 41.951187 | H61: =(G61-Resultados_Simulacion!F59)/Resultados_Simulacion!F59 -> -0.17343297 | I61: =Resultados_Simulacion!H61 -> 0.02504332 | J61: =(I61-Resultados_Simulacion!H59)/Resultados_Simulacion!H59 -> 0.13579526 | K61: =Resultados_Simulacion!I61 -> 0.017997244 | L61: =(K61-Resultados_Simulacion!I59)/Resultados_Simulacion!I59 -> -0.094167056
A62: 92000 | B62: 15% | C62: =Resultados_Simulacion!C62 -> 1.371907 | D62: =(C62-Resultados_Simulacion!C59)/Resultados_Simulacion!C59 -> -0.00066505441 | E62: =Resultados_Simulacion!E62 -> 0.04156353 | F62: =(E62-Resultados_Simulacion!E59)/Resultados_Simulacion!E59 -> 0.092156977 | G62: =Resultados_Simulacion!F62 -> 44.374547 | H62: =(G62-Resultados_Simulacion!F59)/Resultados_Simulacion!F59 -> -0.12568536 | I62: =Resultados_Simulacion!H62 -> 0.02488075 | J62: =(I62-Resultados_Simulacion!H59)/Resultados_Simulacion!H59 -> 0.12842218 | K62: =Resultados_Simulacion!I62 -> 0.017576379 | L62: =(K62-Resultados_Simulacion!I59)/Resultados_Simulacion!I59 -> -0.11534992
A63: 92000 | B63: 20% | C63: =Resultados_Simulacion!C63 -> 1.37282 | D63: =(C63-Resultados_Simulacion!C59)/Resultados_Simulacion!C59 -> 0 | E63: =Resultados_Simulacion!E63 -> 0.03805637 | F63: =(E63-Resultados_Simulacion!E59)/Resultados_Simulacion!E59 -> 0 | G63: =Resultados_Simulacion!F63 -> 46.503727 | H63: =(G63-Resultados_Simulacion!F59)/Resultados_Simulacion!F59 -> -0.083733969 | I63: =Resultados_Simulacion!H63 -> 0.02447864 | J63: =(I63-Resultados_Simulacion!H59)/Resultados_Simulacion!H59 -> 0.1101852 | K63: =Resultados_Simulacion!I63 -> 0.0171528 | L63: =(K63-Resultados_Simulacion!I59)/Resultados_Simulacion!I59 -> -0.1366694
A64: 92000 | B64: 25% | C64: =Resultados_Simulacion!C64 -> 1.37282 | D64: =(C64-Resultados_Simulacion!C59)/Resultados_Simulacion!C59 -> 0 | E64: =Resultados_Simulacion!E64 -> 0.03805637 | F64: =(E64-Resultados_Simulacion!E59)/Resultados_Simulacion!E59 -> 0 | G64: =Resultados_Simulacion!F64 -> 48.005812 | H64: =(G64-Resultados_Simulacion!F59)/Resultados_Simulacion!F59 -> -0.054138287 | I64: =Resultados_Simulacion!H64 -> 0.02396941 | J64: =(I64-Resultados_Simulacion!H59)/Resultados_Simulacion!H59 -> 0.087089979 | K64: =Resultados_Simulacion!I64 -> 0.016773346 | L64: =(K64-Resultados_Simulacion!I59)/Resultados_Simulacion!I59 -> -0.15576799
A65: 92000 | B65: 30% | C65: =Resultados_Simulacion!C65 -> 1.37282 | D65: =(C65-Resultados_Simulacion!C59)/Resultados_Simulacion!C59 -> 0 | E65: =Resultados_Simulacion!E65 -> 0.03805637 | F65: =(E65-Resultados_Simulacion!E59)/Resultados_Simulacion!E59 -> 0 | G65: =Resultados_Simulacion!F65 -> 49.57345 | H65: =(G65-Resultados_Simulacion!F59)/Resultados_Simulacion!F59 -> -0.023251024 | I65: =Resultados_Simulacion!H65 -> 0.02360449 | J65: =(I65-Resultados_Simulacion!H59)/Resultados_Simulacion!H59 -> 0.070539681 | K65: =Resultados_Simulacion!I65 -> 0.016332568 | L65: =(K65-Resultados_Simulacion!I59)/Resultados_Simulacion!I59 -> -0.17795314
A66: 92000 | B66: 35% | C66: =Resultados_Simulacion!C66 -> 1.37282 | D66: =(C66-Resultados_Simulacion!C59)/Resultados_Simulacion!C59 -> 0 | E66: =Resultados_Simulacion!E66 -> 0.03805637 | F66: =(E66-Resultados_Simulacion!E59)/Resultados_Simulacion!E59 -> 0 | G66: =Resultados_Simulacion!F66 -> 51.166063 | H66: =(G66-Resultados_Simulacion!F59)/Resultados_Simulacion!F59 -> 0.0081283361 | I66: =Resultados_Simulacion!H66 -> 0.02188347 | J66: =(I66-Resultados_Simulacion!H59)/Resultados_Simulacion!H59 -> -0.0075141219 | K66: =Resultados_Simulacion!I66 -> 0.015809699 | L66: =(K66-Resultados_Simulacion!I59)/Resultados_Simulacion!I59 -> -0.20427003
A67: 92000 | B67: 38% | C67: =Resultados_Simulacion!C67 -> 1.37282 | D67: =(C67-Resultados_Simulacion!C59)/Resultados_Simulacion!C59 -> 0 | E67: =Resultados_Simulacion!E67 -> 0.03805637 | F67: =(E67-Resultados_Simulacion!E59)/Resultados_Simulacion!E59 -> 0 | G67: =Resultados_Simulacion!F67 -> 51.757257 | H67: =(G67-Resultados_Simulacion!F59)/Resultados_Simulacion!F59 -> 0.019776681 | I67: =Resultados_Simulacion!H67 -> 0.02135743 | J67: =(I67-Resultados_Simulacion!H59)/Resultados_Simulacion!H59 -> -0.031371731 | K67: =Resultados_Simulacion!I67 -> 0.01556657 | L67: =(K67-Resultados_Simulacion!I59)/Resultados_Simulacion!I59 -> -0.21650715
A68: 92000 | B68: 40% | C68: =Resultados_Simulacion!C68 -> 1.37282 | D68: =(C68-Resultados_Simulacion!C59)/Resultados_Simulacion!C59 -> 0 | E68: =Resultados_Simulacion!E68 -> 0.03805637 | F68: =(E68-Resultados_Simulacion!E59)/Resultados_Simulacion!E59 -> 0 | G68: =Resultados_Simulacion!F68 -> 52.142992 | H68: =(G68-Resultados_Simulacion!F59)/Resultados_Simulacion!F59 -> 0.027376846 | I68: =Resultados_Simulacion!H68 -> 0.02037758 | J68: =(I68-Resultados_Simulacion!H59)/Resultados_Simulacion!H59 -> -0.075811086 | K68: =Resultados_Simulacion!I68 -> 0.015348574 | L68: =(K68-Resultados_Simulacion!I59)/Resultados_Simulacion!I59 -> -0.22747931
A69: 92000 | B69: 45% | C69: =Resultados_Simulacion!C69 -> 1.37282 | D69: =(C69-Resultados_Simulacion!C59)/Resultados_Simulacion!C59 -> 0 | E69: =Resultados_Simulacion!E69 -> 0.03805637 | F69: =(E69-Resultados_Simulacion!E59)/Resultados_Simulacion!E59 -> 0 | G69: =Resultados_Simulacion!F69 -> 52.405815 | H69: =(G69-Resultados_Simulacion!F59)/Resultados_Simulacion!F59 -> 0.032555249 | I69: =Resultados_Simulacion!H69 -> 0.01962433 | J69: =(I69-Resultados_Simulacion!H59)/Resultados_Simulacion!H59 -> -0.1099734 | K69: =Resultados_Simulacion!I69 -> 0.014985749 | L69: =(K69-Resultados_Simulacion!I59)/Resultados_Simulacion!I59 -> -0.2457409
A70: 92000 | B70: 48% | C70: =Resultados_Simulacion!C70 -> 1.37282 | D70: =(C70-Resultados_Simulacion!C59)/Resultados_Simulacion!C59 -> 0 | E70: =Resultados_Simulacion!E70 -> 0.03805637 | F70: =(E70-Resultados_Simulacion!E59)/Resultados_Simulacion!E59 -> 0 | G70: =Resultados_Simulacion!F70 -> 52.349111 | H70: =(G70-Resultados_Simulacion!F59)/Resultados_Simulacion!F59 -> 0.031438023 | I70: =Resultados_Simulacion!H70 -> 0.01873585 | J70: =(I70-Resultados_Simulacion!H59)/Resultados_Simulacion!H59 -> -0.15026883 | K70: =Resultados_Simulacion!I70 -> 0.01482768 | L70: =(K70-Resultados_Simulacion!I59)/Resultados_Simulacion!I59 -> -0.2536968
A71: 92000 | B71: 50% | C71: =Resultados_Simulacion!C71 -> 1.37282 | D71: =(C71-Resultados_Simulacion!C59)/Resultados_Simulacion!C59 -> 0 | E71: =Resultados_Simulacion!E71 -> 0.03805637 | F71: =(E71-Resultados_Simulacion!E59)/Resultados_Simulacion!E59 -> 0 | G71: =Resultados_Simulacion!F71 -> 52.154386 | H71: =(G71-Resultados_Simulacion!F59)/Resultados_Simulacion!F59 -> 0.027601343 | I71: =Resultados_Simulacion!H71 -> 0.01843193 | J71: =(I71-Resultados_Simulacion!H59)/Resultados_Simulacion!H59 -> -0.16405258 | K71: =Resultados_Simulacion!I71 -> 0.014682219 | L71: =(K71-Resultados_Simulacion!I59)/Resultados_Simulacion!I59 -> -0.26101811
A72: 92000 | B72: 55% | C72: =Resultados_Simulacion!C72 -> 1.37282 | D72: =(C72-Resultados_Simulacion!C59)/Resultados_Simulacion!C59 -> 0 | E72: =Resultados_Simulacion!E72 -> 0.03805637 | F72: =(E72-Resultados_Simulacion!E59)/Resultados_Simulacion!E59 -> 0 | G72: =Resultados_Simulacion!F72 -> 51.192107 | H72: =(G72-Resultados_Simulacion!F59)/Resultados_Simulacion!F59 -> 0.0086414824 | I72: =Resultados_Simulacion!H72 -> 0.0179749 | J72: =(I72-Resultados_Simulacion!H59)/Resultados_Simulacion!H59 -> -0.18478037 | K72: =Resultados_Simulacion!I72 -> 0.014436072 | L72: =(K72-Resultados_Simulacion!I59)/Resultados_Simulacion!I59 -> -0.27340713
A73: 92000 | B73: 57% | C73: =Resultados_Simulacion!C73 -> 1.37282 | D73: =(C73-Resultados_Simulacion!C59)/Resultados_Simulacion!C59 -> 0 | E73: =Resultados_Simulacion!E73 -> 0.03805637 | F73: =(E73-Resultados_Simulacion!E59)/Resultados_Simulacion!E59 -> 0 | G73: =Resultados_Simulacion!F73 -> 50.753521 | H73: =(G73-Resultados_Simulacion!F59)/Resultados_Simulacion!F59 -> 0 | I73: =Resultados_Simulacion!H73 -> 0.02204915 | J73: =(I73-Resultados_Simulacion!H59)/Resultados_Simulacion!H59 -> 0 | K73: =Resultados_Simulacion!I73 -> 0.014344328 | L73: =(K73-Resultados_Simulacion!I59)/Resultados_Simulacion!I59 -> -0.27802474
A74: 92000 | B74: 60% | C74: =Resultados_Simulacion!C74 -> 1.37282 | D74: =(C74-Resultados_Simulacion!C59)/Resultados_Simulacion!C59 -> 0 | E74: =Resultados_Simulacion!E74 -> 0.03805637 | F74: =(E74-Resultados_Simulacion!E59)/Resultados_Simulacion!E59 -> 0 | G74: =Resultados_Simulacion!F74 -> 50.753521 | H74: =(G74-Resultados_Simulacion!F59)/Resultados_Simulacion!F59 -> 0 | I74: =Resultados_Simulacion!H74 -> 0.02204915 | J74: =(I74-Resultados_Simulacion!H59)/Resultados_Simulacion!H59 -> 0 | K74: =Resultados_Simulacion!I74 -> 0.014279592 | L74: =(K74-Resultados_Simulacion!I59)/Resultados_Simulacion!I59 -> -0.28128301
A75: 92000 | B75: 65% | C75: =Resultados_Simulacion!C75 -> 1.37282 | D75: =(C75-Resultados_Simulacion!C59)/Resultados_Simulacion!C59 -> 0 | E75: =Resultados_Simulacion!E75 -> 0.03805637 | F75: =(E75-Resultados_Simulacion!E59)/Resultados_Simulacion!E59 -> 0 | G75: =Resultados_Simulacion!F75 -> 50.753521 | H75: =(G75-Resultados_Simulacion!F59)/Resultados_Simulacion!F59 -> 0 | I75: =Resultados_Simulacion!H75 -> 0.02204915 | J75: =(I75-Resultados_Simulacion!H59)/Resultados_Simulacion!H59 -> 0 | K75: =Resultados_Simulacion!I75 -> 0.014240621 | L75: =(K75-Resultados_Simulacion!I59)/Resultados_Simulacion!I59 -> -0.28324451
A76: 92000 | B76: 68% | C76: =Resultados_Simulacion!C76 -> 1.37282 | D76: =(C76-Resultados_Simulacion!C59)/Resultados_Simulacion!C59 -> 0 | E76: =Resultados_Simulacion!E76 -> 0.03805637 | F76: =(E76-Resultados_Simulacion!E59)/Resultados_Simulacion!E59 -> 0 | G76: =Resultados_Simulacion!F76 -> 50.753521 | H76: =(G76-Resultados_Simulacion!F59)/Resultados_Simulacion!F59 -> 0 | I76: =Resultados_Simulacion!H76 -> 0.02204915 | J76: =(I76-Resultados_Simulacion!H59)/Resultados_Simulacion!H59 -> 0 | K76: =Resultados_Simulacion!I76 -> 0.014280398 | L76: =(K76-Resultados_Simulacion!I59)/Resultados_Simulacion!I59 -> -0.28124245
A77: 92000 | B77: 70% | C77: =Resultados_Simulacion!C77 -> 1.37282 | D77: =(C77-Resultados_Simulacion!C59)/Resultados_Simulacion!C59 -> 0 | E77: =Resultados_Simulacion!E77 -> 0.03805637 | F77: =(E77-Resultados_Simulacion!E59)/Resultados_Simulacion!E59 -> 0 | G77: =Resultados_Simulacion!F77 -> 50.753521 | H77: =(G77-Resultados_Simulacion!F59)/Resultados_Simulacion!F59 -> 0 | I77: =Resultados_Simulacion!H77 -> 0.02204915 | J77: =(I77-Resultados_Simulacion!H59)/Resultados_Simulacion!H59 -> 0 | K77: =Resultados_Simulacion!I77 -> 0.014390403 | L77: =(K77-Resultados_Simulacion!I59)/Resultados_Simulacion!I59 -> -0.27570574
A78: 99000 | B78: Libre | C78: =Resultados_Simulacion!C78 -> 1.36969 | D78: =(C78-Resultados_Simulacion!C78)/Resultados_Simulacion!C78 -> 0 | E78: =Resultados_Simulacion!E78 -> 0.03900697 | F78: =(E78-Resultados_Simulacion!E78)/Resultados_Simulacion!E78 -> 0 | G78: =Resultados_Simulacion!F78 -> 52.834902 | H78: =(G78-Resultados_Simulacion!F78)/Resultados_Simulacion!F78 -> 0 | I78: =Resultados_Simulacion!H78 -> 0.02075821 | J78: =(I78-Resultados_Simulacion!H78)/Resultados_Simulacion!H78 -> 0 | K78: =Resultados_Simulacion!I78 -> 0.018497519 | L78: =(K78-Resultados_Simulacion!I78)/Resultados_Simulacion!I78 -> 0
A79: 99000 | B79: 5% | C79: =Resultados_Simulacion!C79 -> 1.314482 | D79: =(C79-Resultados_Simulacion!C78)/Resultados_Simulacion!C78 -> -0.040306931 | E79: =Resultados_Simulacion!E79 -> 0.05521846 | F79: =(E79-Resultados_Simulacion!E78)/Resultados_Simulacion!E78 -> 0.41560495 | G79: =Resultados_Simulacion!F79 -> 40.954002 | H79: =(G79-Resultados_Simulacion!F78)/Resultados_Simulacion!F78 -> -0.22486841 | I79: =Resultados_Simulacion!H79 -> 0.02500791 | J79: =(I79-Resultados_Simulacion!H78)/Resultados_Simulacion!H78 -> 0.20472382 | K79: =Resultados_Simulacion!I79 -> 0.017871597 | L79: =(K79-Resultados_Simulacion!I78)/Resultados_Simulacion!I78 -> -0.033838129
A80: 99000 | B80: 10% | C80: =Resultados_Simulacion!C80 -> 1.342962 | D80: =(C80-Resultados_Simulacion!C78)/Resultados_Simulacion!C78 -> -0.019513905 | E80: =Resultados_Simulacion!E80 -> 0.04933926 | F80: =(E80-Resultados_Simulacion!E78)/Resultados_Simulacion!E78 -> 0.26488317 | G80: =Resultados_Simulacion!F80 -> 43.379093 | H80: =(G80-Resultados_Simulacion!F78)/Resultados_Simulacion!F78 -> -0.17896899 | I80: =Resultados_Simulacion!H80 -> 0.0243663 | J80: =(I80-Resultados_Simulacion!H78)/Resultados_Simulacion!H78 -> 0.17381508 | K80: =Resultados_Simulacion!I80 -> 0.017501341 | L80: =(K80-Resultados_Simulacion!I78)/Resultados_Simulacion!I78 -> -0.053854665
A81: 99000 | B81: 15% | C81: =Resultados_Simulacion!C81 -> 1.36969 | D81: =(C81-Resultados_Simulacion!C78)/Resultados_Simulacion!C78 -> 0 | E81: =Resultados_Simulacion!E81 -> 0.03900706 | F81: =(E81-Resultados_Simulacion!E78)/Resultados_Simulacion!E78 -> 2.30728e-06 | G81: =Resultados_Simulacion!F81 -> 45.95737 | H81: =(G81-Resultados_Simulacion!F78)/Resultados_Simulacion!F78 -> -0.13017025 | I81: =Resultados_Simulacion!H81 -> 0.02417671 | J81: =(I81-Resultados_Simulacion!H78)/Resultados_Simulacion!H78 -> 0.16468183 | K81: =Resultados_Simulacion!I81 -> 0.01708256 | L81: =(K81-Resultados_Simulacion!I78)/Resultados_Simulacion!I78 -> -0.076494543
A82: 99000 | B82: 20% | C82: =Resultados_Simulacion!C82 -> 1.36969 | D82: =(C82-Resultados_Simulacion!C78)/Resultados_Simulacion!C78 -> 0 | E82: =Resultados_Simulacion!E82 -> 0.03900697 | F82: =(E82-Resultados_Simulacion!E78)/Resultados_Simulacion!E78 -> 0 | G82: =Resultados_Simulacion!F82 -> 48.196772 | H82: =(G82-Resultados_Simulacion!F78)/Resultados_Simulacion!F78 -> -0.087785354 | I82: =Resultados_Simulacion!H82 -> 0.02376377 | J82: =(I82-Resultados_Simulacion!H78)/Resultados_Simulacion!H78 -> 0.14478898 | K82: =Resultados_Simulacion!I82 -> 0.016660712 | L82: =(K82-Resultados_Simulacion!I78)/Resultados_Simulacion!I78 -> -0.099300202
A83: 99000 | B83: 25% | C83: =Resultados_Simulacion!C83 -> 1.36969 | D83: =(C83-Resultados_Simulacion!C78)/Resultados_Simulacion!C78 -> 0 | E83: =Resultados_Simulacion!E83 -> 0.03900697 | F83: =(E83-Resultados_Simulacion!E78)/Resultados_Simulacion!E78 -> 0 | G83: =Resultados_Simulacion!F83 -> 49.739087 | H83: =(G83-Resultados_Simulacion!F78)/Resultados_Simulacion!F78 -> -0.058594142 | I83: =Resultados_Simulacion!H83 -> 0.02326826 | J83: =(I83-Resultados_Simulacion!H78)/Resultados_Simulacion!H78 -> 0.12091842 | K83: =Resultados_Simulacion!I83 -> 0.016281841 | L83: =(K83-Resultados_Simulacion!I78)/Resultados_Simulacion!I78 -> -0.11978245
A84: 99000 | B84: 30% | C84: =Resultados_Simulacion!C84 -> 1.36969 | D84: =(C84-Resultados_Simulacion!C78)/Resultados_Simulacion!C78 -> 0 | E84: =Resultados_Simulacion!E84 -> 0.03900697 | F84: =(E84-Resultados_Simulacion!E78)/Resultados_Simulacion!E78 -> 0 | G84: =Resultados_Simulacion!F84 -> 51.28467 | H84: =(G84-Resultados_Simulacion!F78)/Resultados_Simulacion!F78 -> -0.029341066 | I84: =Resultados_Simulacion!H84 -> 0.02246102 | J84: =(I84-Resultados_Simulacion!H78)/Resultados_Simulacion!H78 -> 0.082030676 | K84: =Resultados_Simulacion!I84 -> 0.015843481 | L84: =(K84-Resultados_Simulacion!I78)/Resultados_Simulacion!I78 -> -0.14348072
A85: 99000 | B85: 35% | C85: =Resultados_Simulacion!C85 -> 1.36969 | D85: =(C85-Resultados_Simulacion!C78)/Resultados_Simulacion!C78 -> 0 | E85: =Resultados_Simulacion!E85 -> 0.03900697 | F85: =(E85-Resultados_Simulacion!E78)/Resultados_Simulacion!E78 -> 0 | G85: =Resultados_Simulacion!F85 -> 52.879042 | H85: =(G85-Resultados_Simulacion!F78)/Resultados_Simulacion!F78 -> 0.000835424 | I85: =Resultados_Simulacion!H85 -> 0.02127548 | J85: =(I85-Resultados_Simulacion!H78)/Resultados_Simulacion!H78 -> 0.024918815 | K85: =Resultados_Simulacion!I85 -> 0.015326057 | L85: =(K85-Resultados_Simulacion!I78)/Resultados_Simulacion!I78 -> -0.17145335
A86: 99000 | B86: 38% | C86: =Resultados_Simulacion!C86 -> 1.36969 | D86: =(C86-Resultados_Simulacion!C78)/Resultados_Simulacion!C78 -> 0 | E86: =Resultados_Simulacion!E86 -> 0.03900697 | F86: =(E86-Resultados_Simulacion!E78)/Resultados_Simulacion!E78 -> 0 | G86: =Resultados_Simulacion!F86 -> 53.467096 | H86: =(G86-Resultados_Simulacion!F78)/Resultados_Simulacion!F78 -> 0.011965462 | I86: =Resultados_Simulacion!H86 -> 0.02077055 | J86: =(I86-Resultados_Simulacion!H78)/Resultados_Simulacion!H78 -> 0.00059446359 | K86: =Resultados_Simulacion!I86 -> 0.015086375 | L86: =(K86-Resultados_Simulacion!I78)/Resultados_Simulacion!I78 -> -0.18441091
A87: 99000 | B87: 40% | C87: =Resultados_Simulacion!C87 -> 1.36969 | D87: =(C87-Resultados_Simulacion!C78)/Resultados_Simulacion!C78 -> 0 | E87: =Resultados_Simulacion!E87 -> 0.03900697 | F87: =(E87-Resultados_Simulacion!E78)/Resultados_Simulacion!E78 -> 0 | G87: =Resultados_Simulacion!F87 -> 53.896746 | H87: =(G87-Resultados_Simulacion!F78)/Resultados_Simulacion!F78 -> 0.020097398 | I87: =Resultados_Simulacion!H87 -> 0.01980678 | J87: =(I87-Resultados_Simulacion!H78)/Resultados_Simulacion!H78 -> -0.045833913 | K87: =Resultados_Simulacion!I87 -> 0.014870549 | L87: =(K87-Resultados_Simulacion!I78)/Resultados_Simulacion!I78 -> -0.19607873
A88: 99000 | B88: 45% | C88: =Resultados_Simulacion!C88 -> 1.36969 | D88: =(C88-Resultados_Simulacion!C78)/Resultados_Simulacion!C78 -> 0 | E88: =Resultados_Simulacion!E88 -> 0.03900697 | F88: =(E88-Resultados_Simulacion!E78)/Resultados_Simulacion!E78 -> 0 | G88: =Resultados_Simulacion!F88 -> 54.203652 | H88: =(G88-Resultados_Simulacion!F78)/Resultados_Simulacion!F78 -> 0.025906157 | I88: =Resultados_Simulacion!H88 -> 0.01853115 | J88: =(I88-Resultados_Simulacion!H78)/Resultados_Simulacion!H78 -> -0.10728574 | K88: =Resultados_Simulacion!I88 -> 0.014507889 | L88: =(K88-Resultados_Simulacion!I78)/Resultados_Simulacion!I78 -> -0.21568459
A89: 99000 | B89: 48% | C89: =Resultados_Simulacion!C89 -> 1.36969 | D89: =(C89-Resultados_Simulacion!C78)/Resultados_Simulacion!C78 -> 0 | E89: =Resultados_Simulacion!E89 -> 0.03900697 | F89: =(E89-Resultados_Simulacion!E78)/Resultados_Simulacion!E78 -> 0 | G89: =Resultados_Simulacion!F89 -> 54.146879 | H89: =(G89-Resultados_Simulacion!F78)/Resultados_Simulacion!F78 -> 0.024831631 | I89: =Resultados_Simulacion!H89 -> 0.01820094 | J89: =(I89-Resultados_Simulacion!H78)/Resultados_Simulacion!H78 -> -0.12319318 | K89: =Resultados_Simulacion!I89 -> 0.014348479 | L89: =(K89-Resultados_Simulacion!I78)/Resultados_Simulacion!I78 -> -0.22430253
A90: 99000 | B90: 50% | C90: =Resultados_Simulacion!C90 -> 1.36969 | D90: =(C90-Resultados_Simulacion!C78)/Resultados_Simulacion!C78 -> 0 | E90: =Resultados_Simulacion!E90 -> 0.03900697 | F90: =(E90-Resultados_Simulacion!E78)/Resultados_Simulacion!E78 -> 0 | G90: =Resultados_Simulacion!F90 -> 53.9478 | H90: =(G90-Resultados_Simulacion!F78)/Resultados_Simulacion!F78 -> 0.021063674 | I90: =Resultados_Simulacion!H90 -> 0.01790638 | J90: =(I90-Resultados_Simulacion!H78)/Resultados_Simulacion!H78 -> -0.13738323 | K90: =Resultados_Simulacion!I90 -> 0.014200723 | L90: =(K90-Resultados_Simulacion!I78)/Resultados_Simulacion!I78 -> -0.23229036
A91: 99000 | B91: 55% | C91: =Resultados_Simulacion!C91 -> 1.36969 | D91: =(C91-Resultados_Simulacion!C78)/Resultados_Simulacion!C78 -> 0 | E91: =Resultados_Simulacion!E91 -> 0.03900697 | F91: =(E91-Resultados_Simulacion!E78)/Resultados_Simulacion!E78 -> 0 | G91: =Resultados_Simulacion!F91 -> 53.116555 | H91: =(G91-Resultados_Simulacion!F78)/Resultados_Simulacion!F78 -> 0.0053308027 | I91: =Resultados_Simulacion!H91 -> 0.01683885 | J91: =(I91-Resultados_Simulacion!H78)/Resultados_Simulacion!H78 -> -0.18881011 | K91: =Resultados_Simulacion!I91 -> 0.013946804 | L91: =(K91-Resultados_Simulacion!I78)/Resultados_Simulacion!I78 -> -0.24601759
A92: 99000 | B92: 57% | C92: =Resultados_Simulacion!C92 -> 1.36969 | D92: =(C92-Resultados_Simulacion!C78)/Resultados_Simulacion!C78 -> 0 | E92: =Resultados_Simulacion!E92 -> 0.03900697 | F92: =(E92-Resultados_Simulacion!E78)/Resultados_Simulacion!E78 -> 0 | G92: =Resultados_Simulacion!F92 -> 52.834902 | H92: =(G92-Resultados_Simulacion!F78)/Resultados_Simulacion!F78 -> 0 | I92: =Resultados_Simulacion!H92 -> 0.02075821 | J92: =(I92-Resultados_Simulacion!H78)/Resultados_Simulacion!H78 -> 0 | K92: =Resultados_Simulacion!I92 -> 0.013849065 | L92: =(K92-Resultados_Simulacion!I78)/Resultados_Simulacion!I78 -> -0.25130148
A93: 99000 | B93: 60% | C93: =Resultados_Simulacion!C93 -> 1.36969 | D93: =(C93-Resultados_Simulacion!C78)/Resultados_Simulacion!C78 -> 0 | E93: =Resultados_Simulacion!E93 -> 0.03900697 | F93: =(E93-Resultados_Simulacion!E78)/Resultados_Simulacion!E78 -> 0 | G93: =Resultados_Simulacion!F93 -> 52.834902 | H93: =(G93-Resultados_Simulacion!F78)/Resultados_Simulacion!F78 -> 0 | I93: =Resultados_Simulacion!H93 -> 0.02075821 | J93: =(I93-Resultados_Simulacion!H78)/Resultados_Simulacion!H78 -> 0 | K93: =Resultados_Simulacion!I93 -> 0.013777162 | L93: =(K93-Resultados_Simulacion!I78)/Resultados_Simulacion!I78 -> -0.25518864
A94: 99000 | B94: 65% | C94: =Resultados_Simulacion!C94 -> 1.36969 | D94: =(C94-Resultados_Simulacion!C78)/Resultados_Simulacion!C78 -> 0 | E94: =Resultados_Simulacion!E94 -> 0.03900697 | F94: =(E94-Resultados_Simulacion!E78)/Resultados_Simulacion!E78 -> 0 | G94: =Resultados_Simulacion!F94 -> 52.834902 | H94: =(G94-Resultados_Simulacion!F78)/Resultados_Simulacion!F78 -> 0 | I94: =Resultados_Simulacion!H94 -> 0.02075821 | J94: =(I94-Resultados_Simulacion!H78)/Resultados_Simulacion!H78 -> 0 | K94: =Resultados_Simulacion!I94 -> 0.013722391 | L94: =(K94-Resultados_Simulacion!I78)/Resultados_Simulacion!I78 -> -0.25814962
A95: 99000 | B95: 68% | C95: =Resultados_Simulacion!C95 -> 1.36969 | D95: =(C95-Resultados_Simulacion!C78)/Resultados_Simulacion!C78 -> 0 | E95: =Resultados_Simulacion!E95 -> 0.03900697 | F95: =(E95-Resultados_Simulacion!E78)/Resultados_Simulacion!E78 -> 0 | G95: =Resultados_Simulacion!F95 -> 52.834902 | H95: =(G95-Resultados_Simulacion!F78)/Resultados_Simulacion!F78 -> 0 | I95: =Resultados_Simulacion!H95 -> 0.02075821 | J95: =(I95-Resultados_Simulacion!H78)/Resultados_Simulacion!H78 -> 0 | K95: =Resultados_Simulacion!I95 -> 0.013750656 | L95: =(K95-Resultados_Simulacion!I78)/Resultados_Simulacion!I78 -> -0.25662162
A96: 99000 | B96: 70% | C96: =Resultados_Simulacion!C96 -> 1.36969 | D96: =(C96-Resultados_Simulacion!C78)/Resultados_Simulacion!C78 -> 0 | E96: =Resultados_Simulacion!E96 -> 0.03900697 | F96: =(E96-Resultados_Simulacion!E78)/Resultados_Simulacion!E78 -> 0 | G96: =Resultados_Simulacion!F96 -> 52.834902 | H96: =(G96-Resultados_Simulacion!F78)/Resultados_Simulacion!F78 -> 0 | I96: =Resultados_Simulacion!H96 -> 0.02075821 | J96: =(I96-Resultados_Simulacion!H78)/Resultados_Simulacion!H78 -> 0 | K96: =Resultados_Simulacion!I96 -> 0.013843503 | L96: =(K96-Resultados_Simulacion!I78)/Resultados_Simulacion!I78 -> -0.25160215
A97: 119000 | B97: Libre | C97: =Resultados_Simulacion!C97 -> 1.368106 | D97: =(C97-Resultados_Simulacion!C97)/Resultados_Simulacion!C97 -> 0 | E97: =Resultados_Simulacion!E97 -> 0.03929539 | F97: =(E97-Resultados_Simulacion!E97)/Resultados_Simulacion!E97 -> 0 | G97: =Resultados_Simulacion!F97 -> 58.112812 | H97: =(G97-Resultados_Simulacion!F97)/Resultados_Simulacion!F97 -> 0 | I97: =Resultados_Simulacion!H97 -> 0.01846567 | J97: =(I97-Resultados_Simulacion!H97)/Resultados_Simulacion!H97 -> 0 | K97: =Resultados_Simulacion!I97 -> 0.015326279 | L97: =(K97-Resultados_Simulacion!I97)/Resultados_Simulacion!I97 -> 0
A98: 119000 | B98: 5% | C98: =Resultados_Simulacion!C98 -> 1.348201 | D98: =(C98-Resultados_Simulacion!C97)/Resultados_Simulacion!C97 -> -0.014549311 | E98: =Resultados_Simulacion!E98 -> 0.05085032 | F98: =(E98-Resultados_Simulacion!E97)/Resultados_Simulacion!E97 -> 0.29405307 | G98: =Resultados_Simulacion!F98 -> 44.219711 | H98: =(G98-Resultados_Simulacion!F97)/Resultados_Simulacion!F97 -> -0.23907121 | I98: =Resultados_Simulacion!H98 -> 0.02389898 | J98: =(I98-Resultados_Simulacion!H97)/Resultados_Simulacion!H97 -> 0.29423844 | K98: =Resultados_Simulacion!I98 -> 0.016695251 | L98: =(K98-Resultados_Simulacion!I97)/Resultados_Simulacion!I97 -> 0.089321872
A99: 119000 | B99: 10% | C99: =Resultados_Simulacion!C99 -> 1.360904 | D99: =(C99-Resultados_Simulacion!C97)/Resultados_Simulacion!C97 -> -0.005264212 | E99: =Resultados_Simulacion!E99 -> 0.04193795 | F99: =(E99-Resultados_Simulacion!E97)/Resultados_Simulacion!E97 -> 0.067248601 | G99: =Resultados_Simulacion!F99 -> 47.03897 | H99: =(G99-Resultados_Simulacion!F97)/Resultados_Simulacion!F97 -> -0.19055765 | I99: =Resultados_Simulacion!H99 -> 0.02319396 | J99: =(I99-Resultados_Simulacion!H97)/Resultados_Simulacion!H97 -> 0.2560584 | K99: =Resultados_Simulacion!I99 -> 0.016325607 | L99: =(K99-Resultados_Simulacion!I97)/Resultados_Simulacion!I97 -> 0.065203527
A100: 119000 | B100: 15% | C100: =Resultados_Simulacion!C100 -> 1.368106 | D100: =(C100-Resultados_Simulacion!C97)/Resultados_Simulacion!C97 -> 0 | E100: =Resultados_Simulacion!E100 -> 0.03929539 | F100: =(E100-Resultados_Simulacion!E97)/Resultados_Simulacion!E97 -> 0 | G100: =Resultados_Simulacion!F100 -> 49.992939 | H100: =(G100-Resultados_Simulacion!F97)/Resultados_Simulacion!F97 -> -0.13972603 | I100: =Resultados_Simulacion!H100 -> 0.02251862 | J100: =(I100-Resultados_Simulacion!H97)/Resultados_Simulacion!H97 -> 0.21948567 | K100: =Resultados_Simulacion!I100 -> 0.015906787 | L100: =(K100-Resultados_Simulacion!I97)/Resultados_Simulacion!I97 -> 0.037876632
...

Sheet Estadistica_por_Re
A1: Re | B1: Promedio %var Cl_max | C1: DesvEst %var Cl_max | D1: Rango %var Cl_max | E1: Máx |%var| Cl_max | F1: Promedio %var Cd@Clmax | G1: DesvEst %var Cd@Clmax | H1: Rango %var Cd@Clmax | I1: Máx |%var| Cd@Clmax | J1: Promedio %var Cl/Cd_max | K1: DesvEst %var Cl/Cd_max | L1: Rango %var Cl/Cd_max | M1: Máx |%var| Cl/Cd_max | N1: Promedio %var Cd@Cl=0.50 | O1: DesvEst %var Cd@Cl=0.50 | P1: Rango %var Cd@Cl=0.50 | Q1: Máx |%var| Cd@Cl=0.50
A2: 66000 | B2: =AVERAGE(Variacion_vs_Libre!D3,Variacion_vs_Libre!D4,Variacion_vs_Libre!D5,Variacion_vs_Libre!D6,Variacion_vs_Libre!D7,Variacion_vs_Libre!D8,Variacion_vs_Libre!D9,Variacion_vs_Libre!D10,Variacion_vs_Libre!D11,Variacion_vs_Libre!D12,Variacion_vs_Libre!D13,Variacion_vs_Libre!D14,Variacion_vs_Libre!D15,Variacion_vs_Libre!D16,Variacion_vs_Libre!D17,Variacion_vs_Libre!D18,Variacion_vs_Libre!D19,Variacion_vs_Libre!D20) -> -0.012228117 | C2: =STDEV(Variacion_vs_Libre!D3,Variacion_vs_Libre!D4,Variacion_vs_Libre!D5,Variacion_vs_Libre!D6,Variacion_vs_Libre!D7,Variacion_vs_Libre!D8,Variacion_vs_Libre!D9,Variacion_vs_Libre!D10,Variacion_vs_Libre!D11,Variacion_vs_Libre!D12,Variacion_vs_Libre!D13,Variacion_vs_Libre!D14,Variacion_vs_Libre!D15,Variacion_vs_Libre!D16,Variacion_vs_Libre!D17,Variacion_vs_Libre!D18,Variacion_vs_Libre!D19,Variacion_vs_Libre!D20) -> 0.035811158 | D2: =MAX(Variacion_vs_Libre!D3,Variacion_vs_Libre!D4,Variacion_vs_Libre!D5,Variacion_vs_Libre!D6,Variacion_vs_Libre!D7,Variacion_vs_Libre!D8,Variacion_vs_Libre!D9,Variacion_vs_Libre!D10,Variacion_vs_Libre!D11,Variacion_vs_Libre!D12,Variacion_vs_Libre!D13,Variacion_vs_Libre!D14,Variacion_vs_Libre!D15,Variacion_vs_Libre!D16,Variacion_vs_Libre!D17,Variacion_vs_Libre!D18,Variacion_vs_Libre!D19,Variacion_vs_Libre!D20)-MIN(Variacion_vs_Libre!D3,Variacion_vs_Libre!D4,Variacion_vs_Libre!D5,Variacion_vs_Libre!D6,Variacion_vs_Libre!D7,Variacion_vs_Libre!D8,Variacion_vs_Libre!D9,Variacion_vs_Libre!D10,Variacion_vs_Libre!D11,Variacion_vs_Libre!D12,Variacion_vs_Libre!D13,Variacion_vs_Libre!D14,Variacion_vs_Libre!D15,Variacion_vs_Libre!D16,Variacion_vs_Libre!D17,Variacion_vs_Libre!D18,Variacion_vs_Libre!D19,Variacion_vs_Libre!D20) -> 0.14341629 | E2: =MAX(MAX(Variacion_vs_Libre!D3,Variacion_vs_Libre!D4,Variacion_vs_Libre!D5,Variacion_vs_Libre!D6,Variacion_vs_Libre!D7,Variacion_vs_Libre!D8,Variacion_vs_Libre!D9,Variacion_vs_Libre!D10,Variacion_vs_Libre!D11,Variacion_vs_Libre!D12,Variacion_vs_Libre!D13,Variacion_vs_Libre!D14,Variacion_vs_Libre!D15,Variacion_vs_Libre!D16,Variacion_vs_Libre!D17,Variacion_vs_Libre!D18,Variacion_vs_Libre!D19,Variacion_vs_Libre!D20),-MIN(Variacion_vs_Libre!D3,Variacion_vs_Libre!D4,Variacion_vs_Libre!D5,Variacion_vs_Libre!D6,Variacion_vs_Libre!D7,Variacion_vs_Libre!D8,Variacion_vs_Libre!D9,Variacion_vs_Libre!D10,Variacion_vs_Libre!D11,Variacion_vs_Libre!D12,Variacion_vs_Libre!D13,Variacion_vs_Libre!D14,Variacion_vs_Libre!D15,Variacion_vs_Libre!D16,Variacion_vs_Libre!D17,Variacion_vs_Libre!D18,Variacion_vs_Libre!D19,Variacion_vs_Libre!D20)) -> 0.14341629 | F2: =AVERAGE(Variacion_vs_Libre!F3,Variacion_vs_Libre!F4,Variacion_vs_Libre!F5,Variacion_vs_Libre!F6,Variacion_vs_Libre!F7,Variacion_vs_Libre!F8,Variacion_vs_Libre!F9,Variacion_vs_Libre!F10,Variacion_vs_Libre!F11,Variacion_vs_Libre!F12,Variacion_vs_Libre!F13,Variacion_vs_Libre!F14,Variacion_vs_Libre!F15,Variacion_vs_Libre!F16,Variacion_vs_Libre!F17,Variacion_vs_Libre!F18,Variacion_vs_Libre!F19,Variacion_vs_Libre!F20) -> 0.073535884 | G2: =STDEV(Variacion_vs_Libre!F3,Variacion_vs_Libre!F4,Variacion_vs_Libre!F5,Variacion_vs_Libre!F6,Variacion_vs_Libre!F7,Variacion_vs_Libre!F8,Variacion_vs_Libre!F9,Variacion_vs_Libre!F10,Variacion_vs_Libre!F11,Variacion_vs_Libre!F12,Variacion_vs_Libre!F13,Variacion_vs_Libre!F14,Variacion_vs_Libre!F15,Variacion_vs_Libre!F16,Variacion_vs_Libre!F17,Variacion_vs_Libre!F18,Variacion_vs_Libre!F19,Variacion_vs_Libre!F20) -> 0.18839266 | H2: =MAX(Variacion_vs_Libre!F3,Variacion_vs_Libre!F4,Variacion_vs_Libre!F5,Variacion_vs_Libre!F6,Variacion_vs_Libre!F7,Variacion_vs_Libre!F8,Variacion_vs_Libre!F9,Variacion_vs_Libre!F10,Variacion_vs_Libre!F11,Variacion_vs_Libre!F12,Variacion_vs_Libre!F13,Variacion_vs_Libre!F14,Variacion_vs_Libre!F15,Variacion_vs_Libre!F16,Variacion_vs_Libre!F17,Variacion_vs_Libre!F18,Variacion_vs_Libre!F19,Variacion_vs_Libre!F20)-MIN(Variacion_vs_Libre!F3,Variacion_vs_Libre!F4,Variacion_vs_Libre!F5,Variacion_vs_Libre!F6,Variacion_vs_Libre!F7,Variacion_vs_Libre!F8,Variacion_vs_Libre!F9,Variacion_vs_Libre!F10,Variacion_vs_Libre!F11,Variacion_vs_Libre!F12,Variacion_vs_Libre!F13,Variacion_vs_Libre!F14,Variacion_vs_Libre!F15,Variacion_vs_Libre!F16,Variacion_vs_Libre!F17,Variacion_vs_Libre!F18,Variacion_vs_Libre!F19,Variacion_vs_Libre!F20) -> 0.65253865 | I2: =MAX(MAX(Variacion_vs_Libre!F3,Variacion_vs_Libre!F4,Variacion_vs_Libre!F5,Variacion_vs_Libre!F6,Variacion_vs_Libre!F7,Variacion_vs_Libre!F8,Variacion_vs_Libre!F9,Variacion_vs_Libre!F10,Variacion_vs_Libre!F11,Variacion_vs_Libre!F12,Variacion_vs_Libre!F13,Variacion_vs_Libre!F14,Variacion_vs_Libre!F15,Variacion_vs_Libre!F16,Variacion_vs_Libre!F17,Variacion_vs_Libre!F18,Variacion_vs_Libre!F19,Variacion_vs_Libre!F20),-MIN(Variacion_vs_Libre!F3,Variacion_vs_Libre!F4,Variacion_vs_Libre!F5,Variacion_vs_Libre!F6,Variacion_vs_Libre!F7,Variacion_vs_Libre!F8,Variacion_vs_Libre!F9,Variacion_vs_Libre!F10,Variacion_vs_Libre!F11,Variacion_vs_Libre!F12,Variacion_vs_Libre!F13,Variacion_vs_Libre!F14,Variacion_vs_Libre!F15,Variacion_vs_Libre!F16,Variacion_vs_Libre!F17,Variacion_vs_Libre!F18,Variacion_vs_Libre!F19,Variacion_vs_Libre!F20)) -> 0.65253865 | J2: =AVERAGE(Variacion_vs_Libre!H3,Variacion_vs_Libre!H4,Variacion_vs_Libre!H5,Variacion_vs_Libre!H6,Variacion_vs_Libre!H7,Variacion_vs_Libre!H8,Variacion_vs_Libre!H9,Variacion_vs_Libre!H10,Variacion_vs_Libre!H11,Variacion_vs_Libre!H12,Variacion_vs_Libre!H13,Variacion_vs_Libre!H14,Variacion_vs_Libre!H15,Variacion_vs_Libre!H16,Variacion_vs_Libre!H17,Variacion_vs_Libre!H18,Variacion_vs_Libre!H19,Variacion_vs_Libre!H20) -> 0.0066942163 | K2: =STDEV(Variacion_vs_Libre!H3,Variacion_vs_Libre!H4,Variacion_vs_Libre!H5,Variacion_vs_Libre!H6,Variacion_vs_Libre!H7,Variacion_vs_Libre!H8,Variacion_vs_Libre!H9,Variacion_vs_Libre!H10,Variacion_vs_Libre!H11,Variacion_vs_Libre!H12,Variacion_vs_Libre!H13,Variacion_vs_Libre!H14,Variacion_vs_Libre!H15,Variacion_vs_Libre!H16,Variacion_vs_Libre!H17,Variacion_vs_Libre!H18,Variacion_vs_Libre!H19,Variacion_vs_Libre!H20) -> 0.079169262 | L2: =MAX(Variacion_vs_Libre!H3,Variacion_vs_Libre!H4,Variacion_vs_Libre!H5,Variacion_vs_Libre!H6,Variacion_vs_Libre!H7,Variacion_vs_Libre!H8,Variacion_vs_Libre!H9,Variacion_vs_Libre!H10,Variacion_vs_Libre!H11,Variacion_vs_Libre!H12,Variacion_vs_Libre!H13,Variacion_vs_Libre!H14,Variacion_vs_Libre!H15,Variacion_vs_Libre!H16,Variacion_vs_Libre!H17,Variacion_vs_Libre!H18,Variacion_vs_Libre!H19,Variacion_vs_Libre!H20)-MIN(Variacion_vs_Libre!H3,Variacion_vs_Libre!H4,Variacion_vs_Libre!H5,Variacion_vs_Libre!H6,Variacion_vs_Libre!H7,Variacion_vs_Libre!H8,Variacion_vs_Libre!H9,Variacion_vs_Libre!H10,Variacion_vs_Libre!H11,Variacion_vs_Libre!H12,Variacion_vs_Libre!H13,Variacion_vs_Libre!H14,Variacion_vs_Libre!H15,Variacion_vs_Libre!H16,Variacion_vs_Libre!H17,Variacion_vs_Libre!H18,Variacion_vs_Libre!H19,Variacion_vs_Libre!H20) -> 0.26913679 | M2: =MAX(MAX(Variacion_vs_Libre!H3,Variacion_vs_Libre!H4,Variacion_vs_Libre!H5,Variacion_vs_Libre!H6,Variacion_vs_Libre!H7,Variacion_vs_Libre!H8,Variacion_vs_Libre!H9,Variacion_vs_Libre!H10,Variacion_vs_Libre!H11,Variacion_vs_Libre!H12,Variacion_vs_Libre!H13,Variacion_vs_Libre!H14,Variacion_vs_Libre!H15,Variacion_vs_Libre!H16,Variacion_vs_Libre!H17,Variacion_vs_Libre!H18,Variacion_vs_Libre!H19,Variacion_vs_Libre!H20),-MIN(Variacion_vs_Libre!H3,Variacion_vs_Libre!H4,Variacion_vs_Libre!H5,Variacion_vs_Libre!H6,Variacion_vs_Libre!H7,Variacion_vs_Libre!H8,Variacion_vs_Libre!H9,Variacion_vs_Libre!H10,Variacion_vs_Libre!H11,Variacion_vs_Libre!H12,Variacion_vs_Libre!H13,Variacion_vs_Libre!H14,Variacion_vs_Libre!H15,Variacion_vs_Libre!H16,Variacion_vs_Libre!H17,Variacion_vs_Libre!H18,Variacion_vs_Libre!H19,Variacion_vs_Libre!H20)) -> 0.17713679 | N2: =AVERAGE(Variacion_vs_Libre!L3,Variacion_vs_Libre!L4,Variacion_vs_Libre!L5,Variacion_vs_Libre!L6,Variacion_vs_Libre!L7,Variacion_vs_Libre!L8,Variacion_vs_Libre!L9,Variacion_vs_Libre!L10,Variacion_vs_Libre!L11,Variacion_vs_Libre!L12,Variacion_vs_Libre!L13,Variacion_vs_Libre!L14,Variacion_vs_Libre!L15,Variacion_vs_Libre!L16,Variacion_vs_Libre!L17,Variacion_vs_Libre!L18,Variacion_vs_Libre!L19,Variacion_vs_Libre!L20) -> -0.35141415 | O2: =STDEV(Variacion_vs_Libre!L3,Variacion_vs_Libre!L4,Variacion_vs_Libre!L5,Variacion_vs_Libre!L6,Variacion_vs_Libre!L7,Variacion_vs_Libre!L8,Variacion_vs_Libre!L9,Variacion_vs_Libre!L10,Variacion_vs_Libre!L11,Variacion_vs_Libre!L12,Variacion_vs_Libre!L13,Variacion_vs_Libre!L14,Variacion_vs_Libre!L15,Variacion_vs_Libre!L16,Variacion_vs_Libre!L17,Variacion_vs_Libre!L18,Variacion_vs_Libre!L19,Variacion_vs_Libre!L20) -> 0.049012332 | P2: =MAX(Variacion_vs_Libre!L3,Variacion_vs_Libre!L4,Variacion_vs_Libre!L5,Variacion_vs_Libre!L6,Variacion_vs_Libre!L7,Variacion_vs_Libre!L8,Variacion_vs_Libre!L9,Variacion_vs_Libre!L10,Variacion_vs_Libre!L11,Variacion_vs_Libre!L12,Variacion_vs_Libre!L13,Variacion_vs_Libre!L14,Variacion_vs_Libre!L15,Variacion_vs_Libre!L16,Variacion_vs_Libre!L17,Variacion_vs_Libre!L18,Variacion_vs_Libre!L19,Variacion_vs_Libre!L20)-MIN(Variacion_vs_Libre!L3,Variacion_vs_Libre!L4,Variacion_vs_Libre!L5,Variacion_vs_Libre!L6,Variacion_vs_Libre!L7,Variacion_vs_Libre!L8,Variacion_vs_Libre!L9,Variacion_vs_Libre!L10,Variacion_vs_Libre!L11,Variacion_vs_Libre!L12,Variacion_vs_Libre!L13,Variacion_vs_Libre!L14,Variacion_vs_Libre!L15,Variacion_vs_Libre!L16,Variacion_vs_Libre!L17,Variacion_vs_Libre!L18,Variacion_vs_Libre!L19,Variacion_vs_Libre!L20) -> 0.14549675 | Q2: =MAX(MAX(Variacion_vs_Libre!L3,Variacion_vs_Libre!L4,Variacion_vs_Libre!L5,Variacion_vs_Libre!L6,Variacion_vs_Libre!L7,Variacion_vs_Libre!L8,Variacion_vs_Libre!L9,Variacion_vs_Libre!L10,Variacion_vs_Libre!L11,Variacion_vs_Libre!L12,Variacion_vs_Libre!L13,Variacion_vs_Libre!L14,Variacion_vs_Libre!L15,Variacion_vs_Libre!L16,Variacion_vs_Libre!L17,Variacion_vs_Libre!L18,Variacion_vs_Libre!L19,Variacion_vs_Libre!L20),-MIN(Variacion_vs_Libre!L3,Variacion_vs_Libre!L4,Variacion_vs_Libre!L5,Variacion_vs_Libre!L6,Variacion_vs_Libre!L7,Variacion_vs_Libre!L8,Variacion_vs_Libre!L9,Variacion_vs_Libre!L10,Variacion_vs_Libre!L11,Variacion_vs_Libre!L12,Variacion_vs_Libre!L13,Variacion_vs_Libre!L14,Variacion_vs_Libre!L15,Variacion_vs_Libre!L16,Variacion_vs_Libre!L17,Variacion_vs_Libre!L18,Variacion_vs_Libre!L19,Variacion_vs_Libre!L20)) -> 0.39809724
A3: 73000 | B3: =AVERAGE(Variacion_vs_Libre!D22,Variacion_vs_Libre!D23,Variacion_vs_Libre!D24,Variacion_vs_Libre!D25,Variacion_vs_Libre!D26,Variacion_vs_Libre!D27,Variacion_vs_Libre!D28,Variacion_vs_Libre!D29,Variacion_vs_Libre!D30,Variacion_vs_Libre!D31,Variacion_vs_Libre!D32,Variacion_vs_Libre!D33,Variacion_vs_Libre!D34,Variacion_vs_Libre!D35,Variacion_vs_Libre!D36,Variacion_vs_Libre!D37,Variacion_vs_Libre!D38,Variacion_vs_Libre!D39) -> -0.01016266 | C3: =STDEV(Variacion_vs_Libre!D22,Variacion_vs_Libre!D23,Variacion_vs_Libre!D24,Variacion_vs_Libre!D25,Variacion_vs_Libre!D26,Variacion_vs_Libre!D27,Variacion_vs_Libre!D28,Variacion_vs_Libre!D29,Variacion_vs_Libre!D30,Variacion_vs_Libre!D31,Variacion_vs_Libre!D32,Variacion_vs_Libre!D33,Variacion_vs_Libre!D34,Variacion_vs_Libre!D35,Variacion_vs_Libre!D36,Variacion_vs_Libre!D37,Variacion_vs_Libre!D38,Variacion_vs_Libre!D39) -> 0.029529814 | D3: =MAX(Variacion_vs_Libre!D22,Variacion_vs_Libre!D23,Variacion_vs_Libre!D24,Variacion_vs_Libre!D25,Variacion_vs_Libre!D26,Variacion_vs_Libre!D27,Variacion_vs_Libre!D28,Variacion_vs_Libre!D29,Variacion_vs_Libre!D30,Variacion_vs_Libre!D31,Variacion_vs_Libre!D32,Variacion_vs_Libre!D33,Variacion_vs_Libre!D34,Variacion_vs_Libre!D35,Variacion_vs_Libre!D36,Variacion_vs_Libre!D37,Variacion_vs_Libre!D38,Variacion_vs_Libre!D39)-MIN(Variacion_vs_Libre!D22,Variacion_vs_Libre!D23,Variacion_vs_Libre!D24,Variacion_vs_Libre!D25,Variacion_vs_Libre!D26,Variacion_vs_Libre!D27,Variacion_vs_Libre!D28,Variacion_vs_Libre!D29,Variacion_vs_Libre!D30,Variacion_vs_Libre!D31,Variacion_vs_Libre!D32,Variacion_vs_Libre!D33,Variacion_vs_Libre!D34,Variacion_vs_Libre!D35,Variacion_vs_Libre!D36,Variacion_vs_Libre!D37,Variacion_vs_Libre!D38,Variacion_vs_Libre!D39) -> 0.11710127 | E3: =MAX(MAX(Variacion_vs_Libre!D22,Variacion_vs_Libre!D23,Variacion_vs_Libre!D24,Variacion_vs_Libre!D25,Variacion_vs_Libre!D26,Variacion_vs_Libre!D27,Variacion_vs_Libre!D28,Variacion_vs_Libre!D29,Variacion_vs_Libre!D30,Variacion_vs_Libre!D31,Variacion_vs_Libre!D32,Variacion_vs_Libre!D33,Variacion_vs_Libre!D34,Variacion_vs_Libre!D35,Variacion_vs_Libre!D36,Variacion_vs_Libre!D37,Variacion_vs_Libre!D38,Variacion_vs_Libre!D39),-MIN(Variacion_vs_Libre!D22,Variacion_vs_Libre!D23,Variacion_vs_Libre!D24,Variacion_vs_Libre!D25,Variacion_vs_Libre!D26,Variacion_vs_Libre!D27,Variacion_vs_Libre!D28,Variacion_vs_Libre!D29,Variacion_vs_Libre!D30,Variacion_vs_Libre!D31,Variacion_vs_Libre!D32,Variacion_vs_Libre!D33,Variacion_vs_Libre!D34,Variacion_vs_Libre!D35,Variacion_vs_Libre!D36,Variacion_vs_Libre!D37,Variacion_vs_Libre!D38,Variacion_vs_Libre!D39)) -> 0.11710127 | F3: =AVERAGE(Variacion_vs_Libre!F22,Variacion_vs_Libre!F23,Variacion_vs_Libre!F24,Variacion_vs_Libre!F25,Variacion_vs_Libre!F26,Variacion_vs_Libre!F27,Variacion_vs_Libre!F28,Variacion_vs_Libre!F29,Variacion_vs_Libre!F30,Variacion_vs_Libre!F31,Variacion_vs_Libre!F32,Variacion_vs_Libre!F33,Variacion_vs_Libre!F34,Variacion_vs_Libre!F35,Variacion_vs_Libre!F36,Variacion_vs_Libre!F37,Variacion_vs_Libre!F38,Variacion_vs_Libre!F39) -> 0.073028592 | G3: =STDEV(Variacion_vs_Libre!F22,Variacion_vs_Libre!F23,Variacion_vs_Libre!F24,Variacion_vs_Libre!F25,Variacion_vs_Libre!F26,Variacion_vs_Libre!F27,Variacion_vs_Libre!F28,Variacion_vs_Libre!F29,Variacion_vs_Libre!F30,Variacion_vs_Libre!F31,Variacion_vs_Libre!F32,Variacion_vs_Libre!F33,Variacion_vs_Libre!F34,Variacion_vs_Libre!F35,Variacion_vs_Libre!F36,Variacion_vs_Libre!F37,Variacion_vs_Libre!F38,Variacion_vs_Libre!F39) -> 0.18334735 | H3: =MAX(Variacion_vs_Libre!F22,Variacion_vs_Libre!F23,Variacion_vs_Libre!F24,Variacion_vs_Libre!F25,Variacion_vs_Libre!F26,Variacion_vs_Libre!F27,Variacion_vs_Libre!F28,Variacion_vs_Libre!F29,Variacion_vs_Libre!F30,Variacion_vs_Libre!F31,Variacion_vs_Libre!F32,Variacion_vs_Libre!F33,Variacion_vs_Libre!F34,Variacion_vs_Libre!F35,Variacion_vs_Libre!F36,Variacion_vs_Libre!F37,Variacion_vs_Libre!F38,Variacion_vs_Libre!F39)-MIN(Variacion_vs_Libre!F22,Variacion_vs_Libre!F23,Variacion_vs_Libre!F24,Variacion_vs_Libre!F25,Variacion_vs_Libre!F26,Variacion_vs_Libre!F27,Variacion_vs_Libre!F28,Variacion_vs_Libre!F29,Variacion_vs_Libre!F30,Variacion_vs_Libre!F31,Variacion_vs_Libre!F32,Variacion_vs_Libre!F33,Variacion_vs_Libre!F34,Variacion_vs_Libre!F35,Variacion_vs_Libre!F36,Variacion_vs_Libre!F37,Variacion_vs_Libre!F38,Variacion_vs_Libre!F39) -> 0.62258247 | I3: =MAX(MAX(Variacion_vs_Libre!F22,Variacion_vs_Libre!F23,Variacion_vs_Libre!F24,Variacion_vs_Libre!F25,Variacion_vs_Libre!F26,Variacion_vs_Libre!F27,Variacion_vs_Libre!F28,Variacion_vs_Libre!F29,Variacion_vs_Libre!F30,Variacion_vs_Libre!F31,Variacion_vs_Libre!F32,Variacion_vs_Libre!F33,Variacion_vs_Libre!F34,Variacion_vs_Libre!F35,Variacion_vs_Libre!F36,Variacion_vs_Libre!F37,Variacion_vs_Libre!F38,Variacion_vs_Libre!F39),-MIN(Variacion_vs_Libre!F22,Variacion_vs_Libre!F23,Variacion_vs_Libre!F24,Variacion_vs_Libre!F25,Variacion_vs_Libre!F26,Variacion_vs_Libre!F27,Variacion_vs_Libre!F28,Variacion_vs_Libre!F29,Variacion_vs_Libre!F30,Variacion_vs_Libre!F31,Variacion_vs_Libre!F32,Variacion_vs_Libre!F33,Variacion_vs_Libre!F34,Variacion_vs_Libre!F35,Variacion_vs_Libre!F36,Variacion_vs_Libre!F37,Variacion_vs_Libre!F38,Variacion_vs_Libre!F39)) -> 0.62258247 | J3: =AVERAGE(Variacion_vs_Libre!H22,Variacion_vs_Libre!H23,Variacion_vs_Libre!H24,Variacion_vs_Libre!H25,Variacion_vs_Libre!H26,Variacion_vs_Libre!H27,Variacion_vs_Libre!H28,Variacion_vs_Libre!H29,Variacion_vs_Libre!H30,Variacion_vs_Libre!H31,Variacion_vs_Libre!H32,Variacion_vs_Libre!H33,Variacion_vs_Libre!H34,Variacion_vs_Libre!H35,Variacion_vs_Libre!H36,Variacion_vs_Libre!H37,Variacion_vs_Libre!H38,Variacion_vs_Libre!H39) -> -0.0078895982 | K3: =STDEV(Variacion_vs_Libre!H22,Variacion_vs_Libre!H23,Variacion_vs_Libre!H24,Variacion_vs_Libre!H25,Variacion_vs_Libre!H26,Variacion_vs_Libre!H27,Variacion_vs_Libre!H28,Variacion_vs_Libre!H29,Variacion_vs_Libre!H30,Variacion_vs_Libre!H31,Variacion_vs_Libre!H32,Variacion_vs_Libre!H33,Variacion_vs_Libre!H34,Variacion_vs_Libre!H35,Variacion_vs_Libre!H36,Variacion_vs_Libre!H37,Variacion_vs_Libre!H38,Variacion_vs_Libre!H39) -> 0.076160998 | L3: =MAX(Variacion_vs_Libre!H22,Variacion_vs_Libre!H23,Variacion_vs_Libre!H24,Variacion_vs_Libre!H25,Variacion_vs_Libre!H26,Variacion_vs_Libre!H27,Variacion_vs_Libre!H28,Variacion_vs_Libre!H29,Variacion_vs_Libre!H30,Variacion_vs_Libre!H31,Variacion_vs_Libre!H32,Variacion_vs_Libre!H33,Variacion_vs_Libre!H34,Variacion_vs_Libre!H35,Variacion_vs_Libre!H36,Variacion_vs_Libre!H37,Variacion_vs_Libre!H38,Variacion_vs_Libre!H39)-MIN(Variacion_vs_Libre!H22,Variacion_vs_Libre!H23,Variacion_vs_Libre!H24,Variacion_vs_Libre!H25,Variacion_vs_Libre!H26,Variacion_vs_Libre!H27,Variacion_vs_Libre!H28,Variacion_vs_Libre!H29,Variacion_vs_Libre!H30,Variacion_vs_Libre!H31,Variacion_vs_Libre!H32,Variacion_vs_Libre!H33,Variacion_vs_Libre!H34,Variacion_vs_Libre!H35,Variacion_vs_Libre!H36,Variacion_vs_Libre!H37,Variacion_vs_Libre!H38,Variacion_vs_Libre!H39) -> 0.26075692 | M3: =MAX(MAX(Variacion_vs_Libre!H22,Variacion_vs_Libre!H23,Variacion_vs_Libre!H24,Variacion_vs_Libre!H25,Variacion_vs_Libre!H26,Variacion_vs_Libre!H27,Variacion_vs_Libre!H28,Variacion_vs_Libre!H29,Variacion_vs_Libre!H30,Variacion_vs_Libre!H31,Variacion_vs_Libre!H32,Variacion_vs_Libre!H33,Variacion_vs_Libre!H34,Variacion_vs_Libre!H35,Variacion_vs_Libre!H36,Variacion_vs_Libre!H37,Variacion_vs_Libre!H38,Variacion_vs_Libre!H39),-MIN(Variacion_vs_Libre!H22,Variacion_vs_Libre!H23,Variacion_vs_Libre!H24,Variacion_vs_Libre!H25,Variacion_vs_Libre!H26,Variacion_vs_Libre!H27,Variacion_vs_Libre!H28,Variacion_vs_Libre!H29,Variacion_vs_Libre!H30,Variacion_vs_Libre!H31,Variacion_vs_Libre!H32,Variacion_vs_Libre!H33,Variacion_vs_Libre!H34,Variacion_vs_Libre!H35,Variacion_vs_Libre!H36,Variacion_vs_Libre!H37,Variacion_vs_Libre!H38,Variacion_vs_Libre!H39)) -> 0.1923244 | N3: =AVERAGE(Variacion_vs_Libre!L22,Variacion_vs_Libre!L23,Variacion_vs_Libre!L24,Variacion_vs_Libre!L25,Variacion_vs_Libre!L26,Variacion_vs_Libre!L27,Variacion_vs_Libre!L28,Variacion_vs_Libre!L29,Variacion_vs_Libre!L30,Variacion_vs_Libre!L31,Variacion_vs_Libre!L32,Variacion_vs_Libre!L33,Variacion_vs_Libre!L34,Variacion_vs_Libre!L35,Variacion_vs_Libre!L36,Variacion_vs_Libre!L37,Variacion_vs_Libre!L38,Variacion_vs_Libre!L39) -> -0.31993828 | O3: =STDEV(Variacion_vs_Libre!L22,Variacion_vs_Libre!L23,Variacion_vs_Libre!L24,Variacion_vs_Libre!L25,Variacion_vs_Libre!L26,Variacion_vs_Libre!L27,Variacion_vs_Libre!L28,Variacion_vs_Libre!L29,Variacion_vs_Libre!L30,Variacion_vs_Libre!L31,Variacion_vs_Libre!L32,Variacion_vs_Libre!L33,Variacion_vs_Libre!L34,Variacion_vs_Libre!L35,Variacion_vs_Libre!L36,Variacion_vs_Libre!L37,Variacion_vs_Libre!L38,Variacion_vs_Libre!L39) -> 0.053842301 | P3: =MAX(Variacion_vs_Libre!L22,Variacion_vs_Libre!L23,Variacion_vs_Libre!L24,Variacion_vs_Libre!L25,Variacion_vs_Libre!L26,Variacion_vs_Libre!L27,Variacion_vs_Libre!L28,Variacion_vs_Libre!L29,Variacion_vs_Libre!L30,Variacion_vs_Libre!L31,Variacion_vs_Libre!L32,Variacion_vs_Libre!L33,Variacion_vs_Libre!L34,Variacion_vs_Libre!L35,Variacion_vs_Libre!L36,Variacion_vs_Libre!L37,Variacion_vs_Libre!L38,Variacion_vs_Libre!L39)-MIN(Variacion_vs_Libre!L22,Variacion_vs_Libre!L23,Variacion_vs_Libre!L24,Variacion_vs_Libre!L25,Variacion_vs_Libre!L26,Variacion_vs_Libre!L27,Variacion_vs_Libre!L28,Variacion_vs_Libre!L29,Variacion_vs_Libre!L30,Variacion_vs_Libre!L31,Variacion_vs_Libre!L32,Variacion_vs_Libre!L33,Variacion_vs_Libre!L34,Variacion_vs_Libre!L35,Variacion_vs_Libre!L36,Variacion_vs_Libre!L37,Variacion_vs_Libre!L38,Variacion_vs_Libre!L39) -> 0.15903277 | Q3: =MAX(MAX(Variacion_vs_Libre!L22,Variacion_vs_Libre!L23,Variacion_vs_Libre!L24,Variacion_vs_Libre!L25,Variacion_vs_Libre!L26,Variacion_vs_Libre!L27,Variacion_vs_Libre!L28,Variacion_vs_Libre!L29,Variacion_vs_Libre!L30,Variacion_vs_Libre!L31,Variacion_vs_Libre!L32,Variacion_vs_Libre!L33,Variacion_vs_Libre!L34,Variacion_vs_Libre!L35,Variacion_vs_Libre!L36,Variacion_vs_Libre!L37,Variacion_vs_Libre!L38,Variacion_vs_Libre!L39),-MIN(Variacion_vs_Libre!L22,Variacion_vs_Libre!L23,Variacion_vs_Libre!L24,Variacion_vs_Libre!L25,Variacion_vs_Libre!L26,Variacion_vs_Libre!L27,Variacion_vs_Libre!L28,Variacion_vs_Libre!L29,Variacion_vs_Libre!L30,Variacion_vs_Libre!L31,Variacion_vs_Libre!L32,Variacion_vs_Libre!L33,Variacion_vs_Libre!L34,Variacion_vs_Libre!L35,Variacion_vs_Libre!L36,Variacion_vs_Libre!L37,Variacion_vs_Libre!L38,Variacion_vs_Libre!L39)) -> 0.37170605
A4: 79000 | B4: =AVERAGE(Variacion_vs_Libre!D41,Variacion_vs_Libre!D42,Variacion_vs_Libre!D43,Variacion_vs_Libre!D44,Variacion_vs_Libre!D45,Variacion_vs_Libre!D46,Variacion_vs_Libre!D47,Variacion_vs_Libre!D48,Variacion_vs_Libre!D49,Variacion_vs_Libre!D50,Variacion_vs_Libre!D51,Variacion_vs_Libre!D52,Variacion_vs_Libre!D53,Variacion_vs_Libre!D54,Variacion_vs_Libre!D55,Variacion_vs_Libre!D56,Variacion_vs_Libre!D57,Variacion_vs_Libre!D58) -> -0.0080453299 | C4: =STDEV(Variacion_vs_Libre!D41,Variacion_vs_Libre!D42,Variacion_vs_Libre!D43,Variacion_vs_Libre!D44,Variacion_vs_Libre!D45,Variacion_vs_Libre!D46,Variacion_vs_Libre!D47,Variacion_vs_Libre!D48,Variacion_vs_Libre!D49,Variacion_vs_Libre!D50,Variacion_vs_Libre!D51,Variacion_vs_Libre!D52,Variacion_vs_Libre!D53,Variacion_vs_Libre!D54,Variacion_vs_Libre!D55,Variacion_vs_Libre!D56,Variacion_vs_Libre!D57,Variacion_vs_Libre!D58) -> 0.023686178 | D4: =MAX(Variacion_vs_Libre!D41,Variacion_vs_Libre!D42,Variacion_vs_Libre!D43,Variacion_vs_Libre!D44,Variacion_vs_Libre!D45,Variacion_vs_Libre!D46,Variacion_vs_Libre!D47,Variacion_vs_Libre!D48,Variacion_vs_Libre!D49,Variacion_vs_Libre!D50,Variacion_vs_Libre!D51,Variacion_vs_Libre!D52,Variacion_vs_Libre!D53,Variacion_vs_Libre!D54,Variacion_vs_Libre!D55,Variacion_vs_Libre!D56,Variacion_vs_Libre!D57,Variacion_vs_Libre!D58)-MIN(Variacion_vs_Libre!D41,Variacion_vs_Libre!D42,Variacion_vs_Libre!D43,Variacion_vs_Libre!D44,Variacion_vs_Libre!D45,Variacion_vs_Libre!D46,Variacion_vs_Libre!D47,Variacion_vs_Libre!D48,Variacion_vs_Libre!D49,Variacion_vs_Libre!D50,Variacion_vs_Libre!D51,Variacion_vs_Libre!D52,Variacion_vs_Libre!D53,Variacion_vs_Libre!D54,Variacion_vs_Libre!D55,Variacion_vs_Libre!D56,Variacion_vs_Libre!D57,Variacion_vs_Libre!D58) -> 0.093214741 | E4: =MAX(MAX(Variacion_vs_Libre!D41,Variacion_vs_Libre!D42,Variacion_vs_Libre!D43,Variacion_vs_Libre!D44,Variacion_vs_Libre!D45,Variacion_vs_Libre!D46,Variacion_vs_Libre!D47,Variacion_vs_Libre!D48,Variacion_vs_Libre!D49,Variacion_vs_Libre!D50,Variacion_vs_Libre!D51,Variacion_vs_Libre!D52,Variacion_vs_Libre!D53,Variacion_vs_Libre!D54,Variacion_vs_Libre!D55,Variacion_vs_Libre!D56,Variacion_vs_Libre!D57,Variacion_vs_Libre!D58),-MIN(Variacion_vs_Libre!D41,Variacion_vs_Libre!D42,Variacion_vs_Libre!D43,Variacion_vs_Libre!D44,Variacion_vs_Libre!D45,Variacion_vs_Libre!D46,Variacion_vs_Libre!D47,Variacion_vs_Libre!D48,Variacion_vs_Libre!D49,Variacion_vs_Libre!D50,Variacion_vs_Libre!D51,Variacion_vs_Libre!D52,Variacion_vs_Libre!D53,Variacion_vs_Libre!D54,Variacion_vs_Libre!D55,Variacion_vs_Libre!D56,Variacion_vs_Libre!D57,Variacion_vs_Libre!D58)) -> 0.093214741 | F4: =AVERAGE(Variacion_vs_Libre!F41,Variacion_vs_Libre!F42,Variacion_vs_Libre!F43,Variacion_vs_Libre!F44,Variacion_vs_Libre!F45,Variacion_vs_Libre!F46,Variacion_vs_Libre!F47,Variacion_vs_Libre!F48,Variacion_vs_Libre!F49,Variacion_vs_Libre!F50,Variacion_vs_Libre!F51,Variacion_vs_Libre!F52,Variacion_vs_Libre!F53,Variacion_vs_Libre!F54,Variacion_vs_Libre!F55,Variacion_vs_Libre!F56,Variacion_vs_Libre!F57,Variacion_vs_Libre!F58) -> 0.067544852 | G4: =STDEV(Variacion_vs_Libre!F41,Variacion_vs_Libre!F42,Variacion_vs_Libre!F43,Variacion_vs_Libre!F44,Variacion_vs_Libre!F45,Variacion_vs_Libre!F46,Variacion_vs_Libre!F47,Variacion_vs_Libre!F48,Variacion_vs_Libre!F49,Variacion_vs_Libre!F50,Variacion_vs_Libre!F51,Variacion_vs_Libre!F52,Variacion_vs_Libre!F53,Variacion_vs_Libre!F54,Variacion_vs_Libre!F55,Variacion_vs_Libre!F56,Variacion_vs_Libre!F57,Variacion_vs_Libre!F58) -> 0.17121819 | H4: =MAX(Variacion_vs_Libre!F41,Variacion_vs_Libre!F42,Variacion_vs_Libre!F43,Variacion_vs_Libre!F44,Variacion_vs_Libre!F45,Variacion_vs_Libre!F46,Variacion_vs_Libre!F47,Variacion_vs_Libre!F48,Variacion_vs_Libre!F49,Variacion_vs_Libre!F50,Variacion_vs_Libre!F51,Variacion_vs_Libre!F52,Variacion_vs_Libre!F53,Variacion_vs_Libre!F54,Variacion_vs_Libre!F55,Variacion_vs_Libre!F56,Variacion_vs_Libre!F57,Variacion_vs_Libre!F58)-MIN(Variacion_vs_Libre!F41,Variacion_vs_Libre!F42,Variacion_vs_Libre!F43,Variacion_vs_Libre!F44,Variacion_vs_Libre!F45,Variacion_vs_Libre!F46,Variacion_vs_Libre!F47,Variacion_vs_Libre!F48,Variacion_vs_Libre!F49,Variacion_vs_Libre!F50,Variacion_vs_Libre!F51,Variacion_vs_Libre!F52,Variacion_vs_Libre!F53,Variacion_vs_Libre!F54,Variacion_vs_Libre!F55,Variacion_vs_Libre!F56,Variacion_vs_Libre!F57,Variacion_vs_Libre!F58) -> 0.57541529 | I4: =MAX(MAX(Variacion_vs_Libre!F41,Variacion_vs_Libre!F42,Variacion_vs_Libre!F43,Variacion_vs_Libre!F44,Variacion_vs_Libre!F45,Variacion_vs_Libre!F46,Variacion_vs_Libre!F47,Variacion_vs_Libre!F48,Variacion_vs_Libre!F49,Variacion_vs_Libre!F50,Variacion_vs_Libre!F51,Variacion_vs_Libre!F52,Variacion_vs_Libre!F53,Variacion_vs_Libre!F54,Variacion_vs_Libre!F55,Variacion_vs_Libre!F56,Variacion_vs_Libre!F57,Variacion_vs_Libre!F58),-MIN(Variacion_vs_Libre!F41,Variacion_vs_Libre!F42,Variacion_vs_Libre!F43,Variacion_vs_Libre!F44,Variacion_vs_Libre!F45,Variacion_vs_Libre!F46,Variacion_vs_Libre!F47,Variacion_vs_Libre!F48,Variacion_vs_Libre!F49,Variacion_vs_Libre!F50,Variacion_vs_Libre!F51,Variacion_vs_Libre!F52,Variacion_vs_Libre!F53,Variacion_vs_Libre!F54,Variacion_vs_Libre!F55,Variacion_vs_Libre!F56,Variacion_vs_Libre!F57,Variacion_vs_Libre!F58)) -> 0.57541529 | J4: =AVERAGE(Variacion_vs_Libre!H41,Variacion_vs_Libre!H42,Variacion_vs_Libre!H43,Variacion_vs_Libre!H44,Variacion_vs_Libre!H45,Variacion_vs_Libre!H46,Variacion_vs_Libre!H47,Variacion_vs_Libre!H48,Variacion_vs_Libre!H49,Variacion_vs_Libre!H50,Variacion_vs_Libre!H51,Variacion_vs_Libre!H52,Variacion_vs_Libre!H53,Variacion_vs_Libre!H54,Variacion_vs_Libre!H55,Variacion_vs_Libre!H56,Variacion_vs_Libre!H57,Variacion_vs_Libre!H58) -> -0.015599766 | K4: =STDEV(Variacion_vs_Libre!H41,Variacion_vs_Libre!H42,Variacion_vs_Libre!H43,Variacion_vs_Libre!H44,Variacion_vs_Libre!H45,Variacion_vs_Libre!H46,Variacion_vs_Libre!H47,Variacion_vs_Libre!H48,Variacion_vs_Libre!H49,Variacion_vs_Libre!H50,Variacion_vs_Libre!H51,Variacion_vs_Libre!H52,Variacion_vs_Libre!H53,Variacion_vs_Libre!H54,Variacion_vs_Libre!H55,Variacion_vs_Libre!H56,Variacion_vs_Libre!H57,Variacion_vs_Libre!H58) -> 0.074666385 | L4: =MAX(Variacion_vs_Libre!H41,Variacion_vs_Libre!H42,Variacion_vs_Libre!H43,Variacion_vs_Libre!H44,Variacion_vs_Libre!H45,Variacion_vs_Libre!H46,Variacion_vs_Libre!H47,Variacion_vs_Libre!H48,Variacion_vs_Libre!H49,Variacion_vs_Libre!H50,Variacion_vs_Libre!H51,Variacion_vs_Libre!H52,Variacion_vs_Libre!H53,Variacion_vs_Libre!H54,Variacion_vs_Libre!H55,Variacion_vs_Libre!H56,Variacion_vs_Libre!H57,Variacion_vs_Libre!H58)-MIN(Variacion_vs_Libre!H41,Variacion_vs_Libre!H42,Variacion_vs_Libre!H43,Variacion_vs_Libre!H44,Variacion_vs_Libre!H45,Variacion_vs_Libre!H46,Variacion_vs_Libre!H47,Variacion_vs_Libre!H48,Variacion_vs_Libre!H49,Variacion_vs_Libre!H50,Variacion_vs_Libre!H51,Variacion_vs_Libre!H52,Variacion_vs_Libre!H53,Variacion_vs_Libre!H54,Variacion_vs_Libre!H55,Variacion_vs_Libre!H56,Variacion_vs_Libre!H57,Variacion_vs_Libre!H58) -> 0.25634827 | M4: =MAX(MAX(Variacion_vs_Libre!H41,Variacion_vs_Libre!H42,Variacion_vs_Libre!H43,Variacion_vs_Libre!H44,Variacion_vs_Libre!H45,Variacion_vs_Libre!H46,Variacion_vs_Libre!H47,Variacion_vs_Libre!H48,Variacion_vs_Libre!H49,Variacion_vs_Libre!H50,Variacion_vs_Libre!H51,Variacion_vs_Libre!H52,Variacion_vs_Libre!H53,Variacion_vs_Libre!H54,Variacion_vs_Libre!H55,Variacion_vs_Libre!H56,Variacion_vs_Libre!H57,Variacion_vs_Libre!H58),-MIN(Variacion_vs_Libre!H41,Variacion_vs_Libre!H42,Variacion_vs_Libre!H43,Variacion_vs_Libre!H44,Variacion_vs_Libre!H45,Variacion_vs_Libre!H46,Variacion_vs_Libre!H47,Variacion_vs_Libre!H48,Variacion_vs_Libre!H49,Variacion_vs_Libre!H50,Variacion_vs_Libre!H51,Variacion_vs_Libre!H52,Variacion_vs_Libre!H53,Variacion_vs_Libre!H54,Variacion_vs_Libre!H55,Variacion_vs_Libre!H56,Variacion_vs_Libre!H57,Variacion_vs_Libre!H58)) -> 0.20123978 | N4: =AVERAGE(Variacion_vs_Libre!L41,Variacion_vs_Libre!L42,Variacion_vs_Libre!L43,Variacion_vs_Libre!L44,Variacion_vs_Libre!L45,Variacion_vs_Libre!L46,Variacion_vs_Libre!L47,Variacion_vs_Libre!L48,Variacion_vs_Libre!L49,Variacion_vs_Libre!L50,Variacion_vs_Libre!L51,Variacion_vs_Libre!L52,Variacion_vs_Libre!L53,Variacion_vs_Libre!L54,Variacion_vs_Libre!L55,Variacion_vs_Libre!L56,Variacion_vs_Libre!L57,Variacion_vs_Libre!L58) -> -0.27881157 | O4: =STDEV(Variacion_vs_Libre!L41,Variacion_vs_Libre!L42,Variacion_vs_Libre!L43,Variacion_vs_Libre!L44,Variacion_vs_Libre!L45,Variacion_vs_Libre!L46,Variacion_vs_Libre!L47,Variacion_vs_Libre!L48,Variacion_vs_Libre!L49,Variacion_vs_Libre!L50,Variacion_vs_Libre!L51,Variacion_vs_Libre!L52,Variacion_vs_Libre!L53,Variacion_vs_Libre!L54,Variacion_vs_Libre!L55,Variacion_vs_Libre!L56,Variacion_vs_Libre!L57,Variacion_vs_Libre!L58) -> 0.059598724 | P4: =MAX(Variacion_vs_Libre!L41,Variacion_vs_Libre!L42,Variacion_vs_Libre!L43,Variacion_vs_Libre!L44,Variacion_vs_Libre!L45,Variacion_vs_Libre!L46,Variacion_vs_Libre!L47,Variacion_vs_Libre!L48,Variacion_vs_Libre!L49,Variacion_vs_Libre!L50,Variacion_vs_Libre!L51,Variacion_vs_Libre!L52,Variacion_vs_Libre!L53,Variacion_vs_Libre!L54,Variacion_vs_Libre!L55,Variacion_vs_Libre!L56,Variacion_vs_Libre!L57,Variacion_vs_Libre!L58)-MIN(Variacion_vs_Libre!L41,Variacion_vs_Libre!L42,Variacion_vs_Libre!L43,Variacion_vs_Libre!L44,Variacion_vs_Libre!L45,Variacion_vs_Libre!L46,Variacion_vs_Libre!L47,Variacion_vs_Libre!L48,Variacion_vs_Libre!L49,Variacion_vs_Libre!L50,Variacion_vs_Libre!L51,Variacion_vs_Libre!L52,Variacion_vs_Libre!L53,Variacion_vs_Libre!L54,Variacion_vs_Libre!L55,Variacion_vs_Libre!L56,Variacion_vs_Libre!L57,Variacion_vs_Libre!L58) -> 0.17534451 | Q4: =MAX(MAX(Variacion_vs_Libre!L41,Variacion_vs_Libre!L42,Variacion_vs_Libre!L43,Variacion_vs_Libre!L44,Variacion_vs_Libre!L45,Variacion_vs_Libre!L46,Variacion_vs_Libre!L47,Variacion_vs_Libre!L48,Variacion_vs_Libre!L49,Variacion_vs_Libre!L50,Variacion_vs_Libre!L51,Variacion_vs_Libre!L52,Variacion_vs_Libre!L53,Variacion_vs_Libre!L54,Variacion_vs_Libre!L55,Variacion_vs_Libre!L56,Variacion_vs_Libre!L57,Variacion_vs_Libre!L58),-MIN(Variacion_vs_Libre!L41,Variacion_vs_Libre!L42,Variacion_vs_Libre!L43,Variacion_vs_Libre!L44,Variacion_vs_Libre!L45,Variacion_vs_Libre!L46,Variacion_vs_Libre!L47,Variacion_vs_Libre!L48,Variacion_vs_Libre!L49,Variacion_vs_Libre!L50,Variacion_vs_Libre!L51,Variacion_vs_Libre!L52,Variacion_vs_Libre!L53,Variacion_vs_Libre!L54,Variacion_vs_Libre!L55,Variacion_vs_Libre!L56,Variacion_vs_Libre!L57,Variacion_vs_Libre!L58)) -> 0.33629053
A5: 92000 | B5: =AVERAGE(Variacion_vs_Libre!D60,Variacion_vs_Libre!D61,Variacion_vs_Libre!D62,Variacion_vs_Libre!D63,Variacion_vs_Libre!D64,Variacion_vs_Libre!D65,Variacion_vs_Libre!D66,Variacion_vs_Libre!D67,Variacion_vs_Libre!D68,Variacion_vs_Libre!D69,Variacion_vs_Libre!D70,Variacion_vs_Libre!D71,Variacion_vs_Libre!D72,Variacion_vs_Libre!D73,Variacion_vs_Libre!D74,Variacion_vs_Libre!D75,Variacion_vs_Libre!D76,Variacion_vs_Libre!D77) -> -0.0043091754 | C5: =STDEV(Variacion_vs_Libre!D60,Variacion_vs_Libre!D61,Variacion_vs_Libre!D62,Variacion_vs_Libre!D63,Variacion_vs_Libre!D64,Variacion_vs_Libre!D65,Variacion_vs_Libre!D66,Variacion_vs_Libre!D67,Variacion_vs_Libre!D68,Variacion_vs_Libre!D69,Variacion_vs_Libre!D70,Variacion_vs_Libre!D71,Variacion_vs_Libre!D72,Variacion_vs_Libre!D73,Variacion_vs_Libre!D74,Variacion_vs_Libre!D75,Variacion_vs_Libre!D76,Variacion_vs_Libre!D77) -> 0.013109502 | D5: =MAX(Variacion_vs_Libre!D60,Variacion_vs_Libre!D61,Variacion_vs_Libre!D62,Variacion_vs_Libre!D63,Variacion_vs_Libre!D64,Variacion_vs_Libre!D65,Variacion_vs_Libre!D66,Variacion_vs_Libre!D67,Variacion_vs_Libre!D68,Variacion_vs_Libre!D69,Variacion_vs_Libre!D70,Variacion_vs_Libre!D71,Variacion_vs_Libre!D72,Variacion_vs_Libre!D73,Variacion_vs_Libre!D74,Variacion_vs_Libre!D75,Variacion_vs_Libre!D76,Variacion_vs_Libre!D77)-MIN(Variacion_vs_Libre!D60,Variacion_vs_Libre!D61,Variacion_vs_Libre!D62,Variacion_vs_Libre!D63,Variacion_vs_Libre!D64,Variacion_vs_Libre!D65,Variacion_vs_Libre!D66,Variacion_vs_Libre!D67,Variacion_vs_Libre!D68,Variacion_vs_Libre!D69,Variacion_vs_Libre!D70,Variacion_vs_Libre!D71,Variacion_vs_Libre!D72,Variacion_vs_Libre!D73,Variacion_vs_Libre!D74,Variacion_vs_Libre!D75,Variacion_vs_Libre!D76,Variacion_vs_Libre!D77) -> 0.050668697 | E5: =MAX(MAX(Variacion_vs_Libre!D60,Variacion_vs_Libre!D61,Variacion_vs_Libre!D62,Variacion_vs_Libre!D63,Variacion_vs_Libre!D64,Variacion_vs_Libre!D65,Variacion_vs_Libre!D66,Variacion_vs_Libre!D67,Variacion_vs_Libre!D68,Variacion_vs_Libre!D69,Variacion_vs_Libre!D70,Variacion_vs_Libre!D71,Variacion_vs_Libre!D72,Variacion_vs_Libre!D73,Variacion_vs_Libre!D74,Variacion_vs_Libre!D75,Variacion_vs_Libre!D76,Variacion_vs_Libre!D77),-MIN(Variacion_vs_Libre!D60,Variacion_vs_Libre!D61,Variacion_vs_Libre!D62,Variacion_vs_Libre!D63,Variacion_vs_Libre!D64,Variacion_vs_Libre!D65,Variacion_vs_Libre!D66,Variacion_vs_Libre!D67,Variacion_vs_Libre!D68,Variacion_vs_Libre!D69,Variacion_vs_Libre!D70,Variacion_vs_Libre!D71,Variacion_vs_Libre!D72,Variacion_vs_Libre!D73,Variacion_vs_Libre!D74,Variacion_vs_Libre!D75,Variacion_vs_Libre!D76,Variacion_vs_Libre!D77)) -> 0.050668697 | F5: =AVERAGE(Variacion_vs_Libre!F60,Variacion_vs_Libre!F61,Variacion_vs_Libre!F62,Variacion_vs_Libre!F63,Variacion_vs_Libre!F64,Variacion_vs_Libre!F65,Variacion_vs_Libre!F66,Variacion_vs_Libre!F67,Variacion_vs_Libre!F68,Variacion_vs_Libre!F69,Variacion_vs_Libre!F70,Variacion_vs_Libre!F71,Variacion_vs_Libre!F72,Variacion_vs_Libre!F73,Variacion_vs_Libre!F74,Variacion_vs_Libre!F75,Variacion_vs_Libre!F76,Variacion_vs_Libre!F77) -> 0.098292028 | G5: =STDEV(Variacion_vs_Libre!F60,Variacion_vs_Libre!F61,Variacion_vs_Libre!F62,Variacion_vs_Libre!F63,Variacion_vs_Libre!F64,Variacion_vs_Libre!F65,Variacion_vs_Libre!F66,Variacion_vs_Libre!F67,Variacion_vs_Libre!F68,Variacion_vs_Libre!F69,Variacion_vs_Libre!F70,Variacion_vs_Libre!F71,Variacion_vs_Libre!F72,Variacion_vs_Libre!F73,Variacion_vs_Libre!F74,Variacion_vs_Libre!F75,Variacion_vs_Libre!F76,Variacion_vs_Libre!F77) -> 0.31066363 | H5: =MAX(Variacion_vs_Libre!F60,Variacion_vs_Libre!F61,Variacion_vs_Libre!F62,Variacion_vs_Libre!F63,Variacion_vs_Libre!F64,Variacion_vs_Libre!F65,Variacion_vs_Libre!F66,Variacion_vs_Libre!F67,Variacion_vs_Libre!F68,Variacion_vs_Libre!F69,Variacion_vs_Libre!F70,Variacion_vs_Libre!F71,Variacion_vs_Libre!F72,Variacion_vs_Libre!F73,Variacion_vs_Libre!F74,Variacion_vs_Libre!F75,Variacion_vs_Libre!F76,Variacion_vs_Libre!F77)-MIN(Variacion_vs_Libre!F60,Variacion_vs_Libre!F61,Variacion_vs_Libre!F62,Variacion_vs_Libre!F63,Variacion_vs_Libre!F64,Variacion_vs_Libre!F65,Variacion_vs_Libre!F66,Variacion_vs_Libre!F67,Variacion_vs_Libre!F68,Variacion_vs_Libre!F69,Variacion_vs_Libre!F70,Variacion_vs_Libre!F71,Variacion_vs_Libre!F72,Variacion_vs_Libre!F73,Variacion_vs_Libre!F74,Variacion_vs_Libre!F75,Variacion_vs_Libre!F76,Variacion_vs_Libre!F77) -> 1.2856413 | I5: =MAX(MAX(Variacion_vs_Libre!F60,Variacion_vs_Libre!F61,Variacion_vs_Libre!F62,Variacion_vs_Libre!F63,Variacion_vs_Libre!F64,Variacion_vs_Libre!F65,Variacion_vs_Libre!F66,Variacion_vs_Libre!F67,Variacion_vs_Libre!F68,Variacion_vs_Libre!F69,Variacion_vs_Libre!F70,Variacion_vs_Libre!F71,Variacion_vs_Libre!F72,Variacion_vs_Libre!F73,Variacion_vs_Libre!F74,Variacion_vs_Libre!F75,Variacion_vs_Libre!F76,Variacion_vs_Libre!F77),-MIN(Variacion_vs_Libre!F60,Variacion_vs_Libre!F61,Variacion_vs_Libre!F62,Variacion_vs_Libre!F63,Variacion_vs_Libre!F64,Variacion_vs_Libre!F65,Variacion_vs_Libre!F66,Variacion_vs_Libre!F67,Variacion_vs_Libre!F68,Variacion_vs_Libre!F69,Variacion_vs_Libre!F70,Variacion_vs_Libre!F71,Variacion_vs_Libre!F72,Variacion_vs_Libre!F73,Variacion_vs_Libre!F74,Variacion_vs_Libre!F75,Variacion_vs_Libre!F76,Variacion_vs_Libre!F77)) -> 1.2856413 | J5: =AVERAGE(Variacion_vs_Libre!H60,Variacion_vs_Libre!H61,Variacion_vs_Libre!H62,Variacion_vs_Libre!H63,Variacion_vs_Libre!H64,Variacion_vs_Libre!H65,Variacion_vs_Libre!H66,Variacion_vs_Libre!H67,Variacion_vs_Libre!H68,Variacion_vs_Libre!H69,Variacion_vs_Libre!H70,Variacion_vs_Libre!H71,Variacion_vs_Libre!H72,Variacion_vs_Libre!H73,Variacion_vs_Libre!H74,Variacion_vs_Libre!H75,Variacion_vs_Libre!H76,Variacion_vs_Libre!H77) -> -0.029060931 | K5: =STDEV(Variacion_vs_Libre!H60,Variacion_vs_Libre!H61,Variacion_vs_Libre!H62,Variacion_vs_Libre!H63,Variacion_vs_Libre!H64,Variacion_vs_Libre!H65,Variacion_vs_Libre!H66,Variacion_vs_Libre!H67,Variacion_vs_Libre!H68,Variacion_vs_Libre!H69,Variacion_vs_Libre!H70,Variacion_vs_Libre!H71,Variacion_vs_Libre!H72,Variacion_vs_Libre!H73,Variacion_vs_Libre!H74,Variacion_vs_Libre!H75,Variacion_vs_Libre!H76,Variacion_vs_Libre!H77) -> 0.073937677 | L5: =MAX(Variacion_vs_Libre!H60,Variacion_vs_Libre!H61,Variacion_vs_Libre!H62,Variacion_vs_Libre!H63,Variacion_vs_Libre!H64,Variacion_vs_Libre!H65,Variacion_vs_Libre!H66,Variacion_vs_Libre!H67,Variacion_vs_Libre!H68,Variacion_vs_Libre!H69,Variacion_vs_Libre!H70,Variacion_vs_Libre!H71,Variacion_vs_Libre!H72,Variacion_vs_Libre!H73,Variacion_vs_Libre!H74,Variacion_vs_Libre!H75,Variacion_vs_Libre!H76,Variacion_vs_Libre!H77)-MIN(Variacion_vs_Libre!H60,Variacion_vs_Libre!H61,Variacion_vs_Libre!H62,Variacion_vs_Libre!H63,Variacion_vs_Libre!H64,Variacion_vs_Libre!H65,Variacion_vs_Libre!H66,Variacion_vs_Libre!H67,Variacion_vs_Libre!H68,Variacion_vs_Libre!H69,Variacion_vs_Libre!H70,Variacion_vs_Libre!H71,Variacion_vs_Libre!H72,Variacion_vs_Libre!H73,Variacion_vs_Libre!H74,Variacion_vs_Libre!H75,Variacion_vs_Libre!H76,Variacion_vs_Libre!H77) -> 0.25092835 | M5: =MAX(MAX(Variacion_vs_Libre!H60,Variacion_vs_Libre!H61,Variacion_vs_Libre!H62,Variacion_vs_Libre!H63,Variacion_vs_Libre!H64,Variacion_vs_Libre!H65,Variacion_vs_Libre!H66,Variacion_vs_Libre!H67,Variacion_vs_Libre!H68,Variacion_vs_Libre!H69,Variacion_vs_Libre!H70,Variacion_vs_Libre!H71,Variacion_vs_Libre!H72,Variacion_vs_Libre!H73,Variacion_vs_Libre!H74,Variacion_vs_Libre!H75,Variacion_vs_Libre!H76,Variacion_vs_Libre!H77),-MIN(Variacion_vs_Libre!H60,Variacion_vs_Libre!H61,Variacion_vs_Libre!H62,Variacion_vs_Libre!H63,Variacion_vs_Libre!H64,Variacion_vs_Libre!H65,Variacion_vs_Libre!H66,Variacion_vs_Libre!H67,Variacion_vs_Libre!H68,Variacion_vs_Libre!H69,Variacion_vs_Libre!H70,Variacion_vs_Libre!H71,Variacion_vs_Libre!H72,Variacion_vs_Libre!H73,Variacion_vs_Libre!H74,Variacion_vs_Libre!H75,Variacion_vs_Libre!H76,Variacion_vs_Libre!H77)) -> 0.2183731 | N5: =AVERAGE(Variacion_vs_Libre!L60,Variacion_vs_Libre!L61,Variacion_vs_Libre!L62,Variacion_vs_Libre!L63,Variacion_vs_Libre!L64,Variacion_vs_Libre!L65,Variacion_vs_Libre!L66,Variacion_vs_Libre!L67,Variacion_vs_Libre!L68,Variacion_vs_Libre!L69,Variacion_vs_Libre!L70,Variacion_vs_Libre!L71,Variacion_vs_Libre!L72,Variacion_vs_Libre!L73,Variacion_vs_Libre!L74,Variacion_vs_Libre!L75,Variacion_vs_Libre!L76,Variacion_vs_Libre!L77) -> -0.2131643 | O5: =STDEV(Variacion_vs_Libre!L60,Variacion_vs_Libre!L61,Variacion_vs_Libre!L62,Variacion_vs_Libre!L63,Variacion_vs_Libre!L64,Variacion_vs_Libre!L65,Variacion_vs_Libre!L66,Variacion_vs_Libre!L67,Variacion_vs_Libre!L68,Variacion_vs_Libre!L69,Variacion_vs_Libre!L70,Variacion_vs_Libre!L71,Variacion_vs_Libre!L72,Variacion_vs_Libre!L73,Variacion_vs_Libre!L74,Variacion_vs_Libre!L75,Variacion_vs_Libre!L76,Variacion_vs_Libre!L77) -> 0.070421921 | P5: =MAX(Variacion_vs_Libre!L60,Variacion_vs_Libre!L61,Variacion_vs_Libre!L62,Variacion_vs_Libre!L63,Variacion_vs_Libre!L64,Variacion_vs_Libre!L65,Variacion_vs_Libre!L66,Variacion_vs_Libre!L67,Variacion_vs_Libre!L68,Variacion_vs_Libre!L69,Variacion_vs_Libre!L70,Variacion_vs_Libre!L71,Variacion_vs_Libre!L72,Variacion_vs_Libre!L73,Variacion_vs_Libre!L74,Variacion_vs_Libre!L75,Variacion_vs_Libre!L76,Variacion_vs_Libre!L77)-MIN(Variacion_vs_Libre!L60,Variacion_vs_Libre!L61,Variacion_vs_Libre!L62,Variacion_vs_Libre!L63,Variacion_vs_Libre!L64,Variacion_vs_Libre!L65,Variacion_vs_Libre!L66,Variacion_vs_Libre!L67,Variacion_vs_Libre!L68,Variacion_vs_Libre!L69,Variacion_vs_Libre!L70,Variacion_vs_Libre!L71,Variacion_vs_Libre!L72,Variacion_vs_Libre!L73,Variacion_vs_Libre!L74,Variacion_vs_Libre!L75,Variacion_vs_Libre!L76,Variacion_vs_Libre!L77) -> 0.20781447 | Q5: =MAX(MAX(Variacion_vs_Libre!L60,Variacion_vs_Libre!L61,Variacion_vs_Libre!L62,Variacion_vs_Libre!L63,Variacion_vs_Libre!L64,Variacion_vs_Libre!L65,Variacion_vs_Libre!L66,Variacion_vs_Libre!L67,Variacion_vs_Libre!L68,Variacion_vs_Libre!L69,Variacion_vs_Libre!L70,Variacion_vs_Libre!L71,Variacion_vs_Libre!L72,Variacion_vs_Libre!L73,Variacion_vs_Libre!L74,Variacion_vs_Libre!L75,Variacion_vs_Libre!L76,Variacion_vs_Libre!L77),-MIN(Variacion_vs_Libre!L60,Variacion_vs_Libre!L61,Variacion_vs_Libre!L62,Variacion_vs_Libre!L63,Variacion_vs_Libre!L64,Variacion_vs_Libre!L65,Variacion_vs_Libre!L66,Variacion_vs_Libre!L67,Variacion_vs_Libre!L68,Variacion_vs_Libre!L69,Variacion_vs_Libre!L70,Variacion_vs_Libre!L71,Variacion_vs_Libre!L72,Variacion_vs_Libre!L73,Variacion_vs_Libre!L74,Variacion_vs_Libre!L75,Variacion_vs_Libre!L76,Variacion_vs_Libre!L77)) -> 0.28324451
A6: 99000 | B6: =AVERAGE(Variacion_vs_Libre!D79,Variacion_vs_Libre!D80,Variacion_vs_Libre!D81,Variacion_vs_Libre!D82,Variacion_vs_Libre!D83,Variacion_vs_Libre!D84,Variacion_vs_Libre!D85,Variacion_vs_Libre!D86,Variacion_vs_Libre!D87,Variacion_vs_Libre!D88,Variacion_vs_Libre!D89,Variacion_vs_Libre!D90,Variacion_vs_Libre!D91,Variacion_vs_Libre!D92,Variacion_vs_Libre!D93,Variacion_vs_Libre!D94,Variacion_vs_Libre!D95,Variacion_vs_Libre!D96) -> -0.0033233797 | C6: =STDEV(Variacion_vs_Libre!D79,Variacion_vs_Libre!D80,Variacion_vs_Libre!D81,Variacion_vs_Libre!D82,Variacion_vs_Libre!D83,Variacion_vs_Libre!D84,Variacion_vs_Libre!D85,Variacion_vs_Libre!D86,Variacion_vs_Libre!D87,Variacion_vs_Libre!D88,Variacion_vs_Libre!D89,Variacion_vs_Libre!D90,Variacion_vs_Libre!D91,Variacion_vs_Libre!D92,Variacion_vs_Libre!D93,Variacion_vs_Libre!D94,Variacion_vs_Libre!D95,Variacion_vs_Libre!D96) -> 0.010308859 | D6: =MAX(Variacion_vs_Libre!D79,Variacion_vs_Libre!D80,Variacion_vs_Libre!D81,Variacion_vs_Libre!D82,Variacion_vs_Libre!D83,Variacion_vs_Libre!D84,Variacion_vs_Libre!D85,Variacion_vs_Libre!D86,Variacion_vs_Libre!D87,Variacion_vs_Libre!D88,Variacion_vs_Libre!D89,Variacion_vs_Libre!D90,Variacion_vs_Libre!D91,Variacion_vs_Libre!D92,Variacion_vs_Libre!D93,Variacion_vs_Libre!D94,Variacion_vs_Libre!D95,Variacion_vs_Libre!D96)-MIN(Variacion_vs_Libre!D79,Variacion_vs_Libre!D80,Variacion_vs_Libre!D81,Variacion_vs_Libre!D82,Variacion_vs_Libre!D83,Variacion_vs_Libre!D84,Variacion_vs_Libre!D85,Variacion_vs_Libre!D86,Variacion_vs_Libre!D87,Variacion_vs_Libre!D88,Variacion_vs_Libre!D89,Variacion_vs_Libre!D90,Variacion_vs_Libre!D91,Variacion_vs_Libre!D92,Variacion_vs_Libre!D93,Variacion_vs_Libre!D94,Variacion_vs_Libre!D95,Variacion_vs_Libre!D96) -> 0.040306931 | E6: =MAX(MAX(Variacion_vs_Libre!D79,Variacion_vs_Libre!D80,Variacion_vs_Libre!D81,Variacion_vs_Libre!D82,Variacion_vs_Libre!D83,Variacion_vs_Libre!D84,Variacion_vs_Libre!D85,Variacion_vs_Libre!D86,Variacion_vs_Libre!D87,Variacion_vs_Libre!D88,Variacion_vs_Libre!D89,Variacion_vs_Libre!D90,Variacion_vs_Libre!D91,Variacion_vs_Libre!D92,Variacion_vs_Libre!D93,Variacion_vs_Libre!D94,Variacion_vs_Libre!D95,Variacion_vs_Libre!D96),-MIN(Variacion_vs_Libre!D79,Variacion_vs_Libre!D80,Variacion_vs_Libre!D81,Variacion_vs_Libre!D82,Variacion_vs_Libre!D83,Variacion_vs_Libre!D84,Variacion_vs_Libre!D85,Variacion_vs_Libre!D86,Variacion_vs_Libre!D87,Variacion_vs_Libre!D88,Variacion_vs_Libre!D89,Variacion_vs_Libre!D90,Variacion_vs_Libre!D91,Variacion_vs_Libre!D92,Variacion_vs_Libre!D93,Variacion_vs_Libre!D94,Variacion_vs_Libre!D95,Variacion_vs_Libre!D96)) -> 0.040306931 | F6: =AVERAGE(Variacion_vs_Libre!F79,Variacion_vs_Libre!F80,Variacion_vs_Libre!F81,Variacion_vs_Libre!F82,Variacion_vs_Libre!F83,Variacion_vs_Libre!F84,Variacion_vs_Libre!F85,Variacion_vs_Libre!F86,Variacion_vs_Libre!F87,Variacion_vs_Libre!F88,Variacion_vs_Libre!F89,Variacion_vs_Libre!F90,Variacion_vs_Libre!F91,Variacion_vs_Libre!F92,Variacion_vs_Libre!F93,Variacion_vs_Libre!F94,Variacion_vs_Libre!F95,Variacion_vs_Libre!F96) -> 0.037805024 | G6: =STDEV(Variacion_vs_Libre!F79,Variacion_vs_Libre!F80,Variacion_vs_Libre!F81,Variacion_vs_Libre!F82,Variacion_vs_Libre!F83,Variacion_vs_Libre!F84,Variacion_vs_Libre!F85,Variacion_vs_Libre!F86,Variacion_vs_Libre!F87,Variacion_vs_Libre!F88,Variacion_vs_Libre!F89,Variacion_vs_Libre!F90,Variacion_vs_Libre!F91,Variacion_vs_Libre!F92,Variacion_vs_Libre!F93,Variacion_vs_Libre!F94,Variacion_vs_Libre!F95,Variacion_vs_Libre!F96) -> 0.11302384 | H6: =MAX(Variacion_vs_Libre!F79,Variacion_vs_Libre!F80,Variacion_vs_Libre!F81,Variacion_vs_Libre!F82,Variacion_vs_Libre!F83,Variacion_vs_Libre!F84,Variacion_vs_Libre!F85,Variacion_vs_Libre!F86,Variacion_vs_Libre!F87,Variacion_vs_Libre!F88,Variacion_vs_Libre!F89,Variacion_vs_Libre!F90,Variacion_vs_Libre!F91,Variacion_vs_Libre!F92,Variacion_vs_Libre!F93,Variacion_vs_Libre!F94,Variacion_vs_Libre!F95,Variacion_vs_Libre!F96)-MIN(Variacion_vs_Libre!F79,Variacion_vs_Libre!F80,Variacion_vs_Libre!F81,Variacion_vs_Libre!F82,Variacion_vs_Libre!F83,Variacion_vs_Libre!F84,Variacion_vs_Libre!F85,Variacion_vs_Libre!F86,Variacion_vs_Libre!F87,Variacion_vs_Libre!F88,Variacion_vs_Libre!F89,Variacion_vs_Libre!F90,Variacion_vs_Libre!F91,Variacion_vs_Libre!F92,Variacion_vs_Libre!F93,Variacion_vs_Libre!F94,Variacion_vs_Libre!F95,Variacion_vs_Libre!F96) -> 0.41560495 | I6: =MAX(MAX(Variacion_vs_Libre!F79,Variacion_vs_Libre!F80,Variacion_vs_Libre!F81,Variacion_vs_Libre!F82,Variacion_vs_Libre!F83,Variacion_vs_Libre!F84,Variacion_vs_Libre!F85,Variacion_vs_Libre!F86,Variacion_vs_Libre!F87,Variacion_vs_Libre!F88,Variacion_vs_Libre!F89,Variacion_vs_Libre!F90,Variacion_vs_Libre!F91,Variacion_vs_Libre!F92,Variacion_vs_Libre!F93,Variacion_vs_Libre!F94,Variacion_vs_Libre!F95,Variacion_vs_Libre!F96),-MIN(Variacion_vs_Libre!F79,Variacion_vs_Libre!F80,Variacion_vs_Libre!F81,Variacion_vs_Libre!F82,Variacion_vs_Libre!F83,Variacion_vs_Libre!F84,Variacion_vs_Libre!F85,Variacion_vs_Libre!F86,Variacion_vs_Libre!F87,Variacion_vs_Libre!F88,Variacion_vs_Libre!F89,Variacion_vs_Libre!F90,Variacion_vs_Libre!F91,Variacion_vs_Libre!F92,Variacion_vs_Libre!F93,Variacion_vs_Libre!F94,Variacion_vs_Libre!F95,Variacion_vs_Libre!F96)) -> 0.41560495 | J6: =AVERAGE(Variacion_vs_Libre!H79,Variacion_vs_Libre!H80,Variacion_vs_Libre!H81,Variacion_vs_Libre!H82,Variacion_vs_Libre!H83,Variacion_vs_Libre!H84,Variacion_vs_Libre!H85,Variacion_vs_Libre!H86,Variacion_vs_Libre!H87,Variacion_vs_Libre!H88,Variacion_vs_Libre!H89,Variacion_vs_Libre!H90,Variacion_vs_Libre!H91,Variacion_vs_Libre!H92,Variacion_vs_Libre!H93,Variacion_vs_Libre!H94,Variacion_vs_Libre!H95,Variacion_vs_Libre!H96) -> -0.033316537 | K6: =STDEV(Variacion_vs_Libre!H79,Variacion_vs_Libre!H80,Variacion_vs_Libre!H81,Variacion_vs_Libre!H82,Variacion_vs_Libre!H83,Variacion_vs_Libre!H84,Variacion_vs_Libre!H85,Variacion_vs_Libre!H86,Variacion_vs_Libre!H87,Variacion_vs_Libre!H88,Variacion_vs_Libre!H89,Variacion_vs_Libre!H90,Variacion_vs_Libre!H91,Variacion_vs_Libre!H92,Variacion_vs_Libre!H93,Variacion_vs_Libre!H94,Variacion_vs_Libre!H95,Variacion_vs_Libre!H96) -> 0.074307863 | L6: =MAX(Variacion_vs_Libre!H79,Variacion_vs_Libre!H80,Variacion_vs_Libre!H81,Variacion_vs_Libre!H82,Variacion_vs_Libre!H83,Variacion_vs_Libre!H84,Variacion_vs_Libre!H85,Variacion_vs_Libre!H86,Variacion_vs_Libre!H87,Variacion_vs_Libre!H88,Variacion_vs_Libre!H89,Variacion_vs_Libre!H90,Variacion_vs_Libre!H91,Variacion_vs_Libre!H92,Variacion_vs_Libre!H93,Variacion_vs_Libre!H94,Variacion_vs_Libre!H95,Variacion_vs_Libre!H96)-MIN(Variacion_vs_Libre!H79,Variacion_vs_Libre!H80,Variacion_vs_Libre!H81,Variacion_vs_Libre!H82,Variacion_vs_Libre!H83,Variacion_vs_Libre!H84,Variacion_vs_Libre!H85,Variacion_vs_Libre!H86,Variacion_vs_Libre!H87,Variacion_vs_Libre!H88,Variacion_vs_Libre!H89,Variacion_vs_Libre!H90,Variacion_vs_Libre!H91,Variacion_vs_Libre!H92,Variacion_vs_Libre!H93,Variacion_vs_Libre!H94,Variacion_vs_Libre!H95,Variacion_vs_Libre!H96) -> 0.25077456 | M6: =MAX(MAX(Variacion_vs_Libre!H79,Variacion_vs_Libre!H80,Variacion_vs_Libre!H81,Variacion_vs_Libre!H82,Variacion_vs_Libre!H83,Variacion_vs_Libre!H84,Variacion_vs_Libre!H85,Variacion_vs_Libre!H86,Variacion_vs_Libre!H87,Variacion_vs_Libre!H88,Variacion_vs_Libre!H89,Variacion_vs_Libre!H90,Variacion_vs_Libre!H91,Variacion_vs_Libre!H92,Variacion_vs_Libre!H93,Variacion_vs_Libre!H94,Variacion_vs_Libre!H95,Variacion_vs_Libre!H96),-MIN(Variacion_vs_Libre!H79,Variacion_vs_Libre!H80,Variacion_vs_Libre!H81,Variacion_vs_Libre!H82,Variacion_vs_Libre!H83,Variacion_vs_Libre!H84,Variacion_vs_Libre!H85,Variacion_vs_Libre!H86,Variacion_vs_Libre!H87,Variacion_vs_Libre!H88,Variacion_vs_Libre!H89,Variacion_vs_Libre!H90,Variacion_vs_Libre!H91,Variacion_vs_Libre!H92,Variacion_vs_Libre!H93,Variacion_vs_Libre!H94,Variacion_vs_Libre!H95,Variacion_vs_Libre!H96)) -> 0.22486841 | N6: =AVERAGE(Variacion_vs_Libre!L79,Variacion_vs_Libre!L80,Variacion_vs_Libre!L81,Variacion_vs_Libre!L82,Variacion_vs_Libre!L83,Variacion_vs_Libre!L84,Variacion_vs_Libre!L85,Variacion_vs_Libre!L86,Variacion_vs_Libre!L87,Variacion_vs_Libre!L88,Variacion_vs_Libre!L89,Variacion_vs_Libre!L90,Variacion_vs_Libre!L91,Variacion_vs_Libre!L92,Variacion_vs_Libre!L93,Variacion_vs_Libre!L94,Variacion_vs_Libre!L95,Variacion_vs_Libre!L96) -> -0.18165846 | O6: =STDEV(Variacion_vs_Libre!L79,Variacion_vs_Libre!L80,Variacion_vs_Libre!L81,Variacion_vs_Libre!L82,Variacion_vs_Libre!L83,Variacion_vs_Libre!L84,Variacion_vs_Libre!L85,Variacion_vs_Libre!L86,Variacion_vs_Libre!L87,Variacion_vs_Libre!L88,Variacion_vs_Libre!L89,Variacion_vs_Libre!L90,Variacion_vs_Libre!L91,Variacion_vs_Libre!L92,Variacion_vs_Libre!L93,Variacion_vs_Libre!L94,Variacion_vs_Libre!L95,Variacion_vs_Libre!L96) -> 0.075900147 | P6: =MAX(Variacion_vs_Libre!L79,Variacion_vs_Libre!L80,Variacion_vs_Libre!L81,Variacion_vs_Libre!L82,Variacion_vs_Libre!L83,Variacion_vs_Libre!L84,Variacion_vs_Libre!L85,Variacion_vs_Libre!L86,Variacion_vs_Libre!L87,Variacion_vs_Libre!L88,Variacion_vs_Libre!L89,Variacion_vs_Libre!L90,Variacion_vs_Libre!L91,Variacion_vs_Libre!L92,Variacion_vs_Libre!L93,Variacion_vs_Libre!L94,Variacion_vs_Libre!L95,Variacion_vs_Libre!L96)-MIN(Variacion_vs_Libre!L79,Variacion_vs_Libre!L80,Variacion_vs_Libre!L81,Variacion_vs_Libre!L82,Variacion_vs_Libre!L83,Variacion_vs_Libre!L84,Variacion_vs_Libre!L85,Variacion_vs_Libre!L86,Variacion_vs_Libre!L87,Variacion_vs_Libre!L88,Variacion_vs_Libre!L89,Variacion_vs_Libre!L90,Variacion_vs_Libre!L91,Variacion_vs_Libre!L92,Variacion_vs_Libre!L93,Variacion_vs_Libre!L94,Variacion_vs_Libre!L95,Variacion_vs_Libre!L96) -> 0.22431149 | Q6: =MAX(MAX(Variacion_vs_Libre!L79,Variacion_vs_Libre!L80,Variacion_vs_Libre!L81,Variacion_vs_Libre!L82,Variacion_vs_Libre!L83,Variacion_vs_Libre!L84,Variacion_vs_Libre!L85,Variacion_vs_Libre!L86,Variacion_vs_Libre!L87,Variacion_vs_Libre!L88,Variacion_vs_Libre!L89,Variacion_vs_Libre!L90,Variacion_vs_Libre!L91,Variacion_vs_Libre!L92,Variacion_vs_Libre!L93,Variacion_vs_Libre!L94,Variacion_vs_Libre!L95,Variacion_vs_Libre!L96),-MIN(Variacion_vs_Libre!L79,Variacion_vs_Libre!L80,Variacion_vs_Libre!L81,Variacion_vs_Libre!L82,Variacion_vs_Libre!L83,Variacion_vs_Libre!L84,Variacion_vs_Libre!L85,Variacion_vs_Libre!L86,Variacion_vs_Libre!L87,Variacion_vs_Libre!L88,Variacion_vs_Libre!L89,Variacion_vs_Libre!L90,Variacion_vs_Libre!L91,Variacion_vs_Libre!L92,Variacion_vs_Libre!L93,Variacion_vs_Libre!L94,Variacion_vs_Libre!L95,Variacion_vs_Libre!L96)) -> 0.25814962
A7: 119000 | B7: =AVERAGE(Variacion_vs_Libre!D98,Variacion_vs_Libre!D99,Variacion_vs_Libre!D100,Variacion_vs_Libre!D101,Variacion_vs_Libre!D102,Variacion_vs_Libre!D103,Variacion_vs_Libre!D104,Variacion_vs_Libre!D105,Variacion_vs_Libre!D106,Variacion_vs_Libre!D107,Variacion_vs_Libre!D108,Variacion_vs_Libre!D109,Variacion_vs_Libre!D110,Variacion_vs_Libre!D111,Variacion_vs_Libre!D112,Variacion_vs_Libre!D113,Variacion_vs_Libre!D114,Variacion_vs_Libre!D115) -> -0.0011007513 | C7: =STDEV(Variacion_vs_Libre!D98,Variacion_vs_Libre!D99,Variacion_vs_Libre!D100,Variacion_vs_Libre!D101,Variacion_vs_Libre!D102,Variacion_vs_Libre!D103,Variacion_vs_Libre!D104,Variacion_vs_Libre!D105,Variacion_vs_Libre!D106,Variacion_vs_Libre!D107,Variacion_vs_Libre!D108,Variacion_vs_Libre!D109,Variacion_vs_Libre!D110,Variacion_vs_Libre!D111,Variacion_vs_Libre!D112,Variacion_vs_Libre!D113,Variacion_vs_Libre!D114,Variacion_vs_Libre!D115) -> 0.0035775824 | D7: =MAX(Variacion_vs_Libre!D98,Variacion_vs_Libre!D99,Variacion_vs_Libre!D100,Variacion_vs_Libre!D101,Variacion_vs_Libre!D102,Variacion_vs_Libre!D103,Variacion_vs_Libre!D104,Variacion_vs_Libre!D105,Variacion_vs_Libre!D106,Variacion_vs_Libre!D107,Variacion_vs_Libre!D108,Variacion_vs_Libre!D109,Variacion_vs_Libre!D110,Variacion_vs_Libre!D111,Variacion_vs_Libre!D112,Variacion_vs_Libre!D113,Variacion_vs_Libre!D114,Variacion_vs_Libre!D115)-MIN(Variacion_vs_Libre!D98,Variacion_vs_Libre!D99,Variacion_vs_Libre!D100,Variacion_vs_Libre!D101,Variacion_vs_Libre!D102,Variacion_vs_Libre!D103,Variacion_vs_Libre!D104,Variacion_vs_Libre!D105,Variacion_vs_Libre!D106,Variacion_vs_Libre!D107,Variacion_vs_Libre!D108,Variacion_vs_Libre!D109,Variacion_vs_Libre!D110,Variacion_vs_Libre!D111,Variacion_vs_Libre!D112,Variacion_vs_Libre!D113,Variacion_vs_Libre!D114,Variacion_vs_Libre!D115) -> 0.014549311 | E7: =MAX(MAX(Variacion_vs_Libre!D98,Variacion_vs_Libre!D99,Variacion_vs_Libre!D100,Variacion_vs_Libre!D101,Variacion_vs_Libre!D102,Variacion_vs_Libre!D103,Variacion_vs_Libre!D104,Variacion_vs_Libre!D105,Variacion_vs_Libre!D106,Variacion_vs_Libre!D107,Variacion_vs_Libre!D108,Variacion_vs_Libre!D109,Variacion_vs_Libre!D110,Variacion_vs_Libre!D111,Variacion_vs_Libre!D112,Variacion_vs_Libre!D113,Variacion_vs_Libre!D114,Variacion_vs_Libre!D115),-MIN(Variacion_vs_Libre!D98,Variacion_vs_Libre!D99,Variacion_vs_Libre!D100,Variacion_vs_Libre!D101,Variacion_vs_Libre!D102,Variacion_vs_Libre!D103,Variacion_vs_Libre!D104,Variacion_vs_Libre!D105,Variacion_vs_Libre!D106,Variacion_vs_Libre!D107,Variacion_vs_Libre!D108,Variacion_vs_Libre!D109,Variacion_vs_Libre!D110,Variacion_vs_Libre!D111,Variacion_vs_Libre!D112,Variacion_vs_Libre!D113,Variacion_vs_Libre!D114,Variacion_vs_Libre!D115)) -> 0.014549311 | F7: =AVERAGE(Variacion_vs_Libre!F98,Variacion_vs_Libre!F99,Variacion_vs_Libre!F100,Variacion_vs_Libre!F101,Variacion_vs_Libre!F102,Variacion_vs_Libre!F103,Variacion_vs_Libre!F104,Variacion_vs_Libre!F105,Variacion_vs_Libre!F106,Variacion_vs_Libre!F107,Variacion_vs_Libre!F108,Variacion_vs_Libre!F109,Variacion_vs_Libre!F110,Variacion_vs_Libre!F111,Variacion_vs_Libre!F112,Variacion_vs_Libre!F113,Variacion_vs_Libre!F114,Variacion_vs_Libre!F115) -> 0.020072315 | G7: =STDEV(Variacion_vs_Libre!F98,Variacion_vs_Libre!F99,Variacion_vs_Libre!F100,Variacion_vs_Libre!F101,Variacion_vs_Libre!F102,Variacion_vs_Libre!F103,Variacion_vs_Libre!F104,Variacion_vs_Libre!F105,Variacion_vs_Libre!F106,Variacion_vs_Libre!F107,Variacion_vs_Libre!F108,Variacion_vs_Libre!F109,Variacion_vs_Libre!F110,Variacion_vs_Libre!F111,Variacion_vs_Libre!F112,Variacion_vs_Libre!F113,Variacion_vs_Libre!F114,Variacion_vs_Libre!F115) -> 0.070183549 | H7: =MAX(Variacion_vs_Libre!F98,Variacion_vs_Libre!F99,Variacion_vs_Libre!F100,Variacion_vs_Libre!F101,Variacion_vs_Libre!F102,Variacion_vs_Libre!F103,Variacion_vs_Libre!F104,Variacion_vs_Libre!F105,Variacion_vs_Libre!F106,Variacion_vs_Libre!F107,Variacion_vs_Libre!F108,Variacion_vs_Libre!F109,Variacion_vs_Libre!F110,Variacion_vs_Libre!F111,Variacion_vs_Libre!F112,Variacion_vs_Libre!F113,Variacion_vs_Libre!F114,Variacion_vs_Libre!F115)-MIN(Variacion_vs_Libre!F98,Variacion_vs_Libre!F99,Variacion_vs_Libre!F100,Variacion_vs_Libre!F101,Variacion_vs_Libre!F102,Variacion_vs_Libre!F103,Variacion_vs_Libre!F104,Variacion_vs_Libre!F105,Variacion_vs_Libre!F106,Variacion_vs_Libre!F107,Variacion_vs_Libre!F108,Variacion_vs_Libre!F109,Variacion_vs_Libre!F110,Variacion_vs_Libre!F111,Variacion_vs_Libre!F112,Variacion_vs_Libre!F113,Variacion_vs_Libre!F114,Variacion_vs_Libre!F115) -> 0.29405307 | I7: =MAX(MAX(Variacion_vs_Libre!F98,Variacion_vs_Libre!F99,Variacion_vs_Libre!F100,Variacion_vs_Libre!F101,Variacion_vs_Libre!F102,Variacion_vs_Libre!F103,Variacion_vs_Libre!F104,Variacion_vs_Libre!F105,Variacion_vs_Libre!F106,Variacion_vs_Libre!F107,Variacion_vs_Libre!F108,Variacion_vs_Libre!F109,Variacion_vs_Libre!F110,Variacion_vs_Libre!F111,Variacion_vs_Libre!F112,Variacion_vs_Libre!F113,Variacion_vs_Libre!F114,Variacion_vs_Libre!F115),-MIN(Variacion_vs_Libre!F98,Variacion_vs_Libre!F99,Variacion_vs_Libre!F100,Variacion_vs_Libre!F101,Variacion_vs_Libre!F102,Variacion_vs_Libre!F103,Variacion_vs_Libre!F104,Variacion_vs_Libre!F105,Variacion_vs_Libre!F106,Variacion_vs_Libre!F107,Variacion_vs_Libre!F108,Variacion_vs_Libre!F109,Variacion_vs_Libre!F110,Variacion_vs_Libre!F111,Variacion_vs_Libre!F112,Variacion_vs_Libre!F113,Variacion_vs_Libre!F114,Variacion_vs_Libre!F115)) -> 0.29405307 | J7: =AVERAGE(Variacion_vs_Libre!H98,Variacion_vs_Libre!H99,Variacion_vs_Libre!H100,Variacion_vs_Libre!H101,Variacion_vs_Libre!H102,Variacion_vs_Libre!H103,Variacion_vs_Libre!H104,Variacion_vs_Libre!H105,Variacion_vs_Libre!H106,Variacion_vs_Libre!H107,Variacion_vs_Libre!H108,Variacion_vs_Libre!H109,Variacion_vs_Libre!H110,Variacion_vs_Libre!H111,Variacion_vs_Libre!H112,Variacion_vs_Libre!H113,Variacion_vs_Libre!H114,Variacion_vs_Libre!H115) -> -0.04131697 | K7: =STDEV(Variacion_vs_Libre!H98,Variacion_vs_Libre!H99,Variacion_vs_Libre!H100,Variacion_vs_Libre!H101,Variacion_vs_Libre!H102,Variacion_vs_Libre!H103,Variacion_vs_Libre!H104,Variacion_vs_Libre!H105,Variacion_vs_Libre!H106,Variacion_vs_Libre!H107,Variacion_vs_Libre!H108,Variacion_vs_Libre!H109,Variacion_vs_Libre!H110,Variacion_vs_Libre!H111,Variacion_vs_Libre!H112,Variacion_vs_Libre!H113,Variacion_vs_Libre!H114,Variacion_vs_Libre!H115) -> 0.076063679 | L7: =MAX(Variacion_vs_Libre!H98,Variacion_vs_Libre!H99,Variacion_vs_Libre!H100,Variacion_vs_Libre!H101,Variacion_vs_Libre!H102,Variacion_vs_Libre!H103,Variacion_vs_Libre!H104,Variacion_vs_Libre!H105,Variacion_vs_Libre!H106,Variacion_vs_Libre!H107,Variacion_vs_Libre!H108,Variacion_vs_Libre!H109,Variacion_vs_Libre!H110,Variacion_vs_Libre!H111,Variacion_vs_Libre!H112,Variacion_vs_Libre!H113,Variacion_vs_Libre!H114,Variacion_vs_Libre!H115)-MIN(Variacion_vs_Libre!H98,Variacion_vs_Libre!H99,Variacion_vs_Libre!H100,Variacion_vs_Libre!H101,Variacion_vs_Libre!H102,Variacion_vs_Libre!H103,Variacion_vs_Libre!H104,Variacion_vs_Libre!H105,Variacion_vs_Libre!H106,Variacion_vs_Libre!H107,Variacion_vs_Libre!H108,Variacion_vs_Libre!H109,Variacion_vs_Libre!H110,Variacion_vs_Libre!H111,Variacion_vs_Libre!H112,Variacion_vs_Libre!H113,Variacion_vs_Libre!H114,Variacion_vs_Libre!H115) -> 0.25285692 | M7: =MAX(MAX(Variacion_vs_Libre!H98,Variacion_vs_Libre!H99,Variacion_vs_Libre!H100,Variacion_vs_Libre!H101,Variacion_vs_Libre!H102,Variacion_vs_Libre!H103,Variacion_vs_Libre!H104,Variacion_vs_Libre!H105,Variacion_vs_Libre!H106,Variacion_vs_Libre!H107,Variacion_vs_Libre!H108,Variacion_vs_Libre!H109,Variacion_vs_Libre!H110,Variacion_vs_Libre!H111,Variacion_vs_Libre!H112,Variacion_vs_Libre!H113,Variacion_vs_Libre!H114,Variacion_vs_Libre!H115),-MIN(Variacion_vs_Libre!H98,Variacion_vs_Libre!H99,Variacion_vs_Libre!H100,Variacion_vs_Libre!H101,Variacion_vs_Libre!H102,Variacion_vs_Libre!H103,Variacion_vs_Libre!H104,Variacion_vs_Libre!H105,Variacion_vs_Libre!H106,Variacion_vs_Libre!H107,Variacion_vs_Libre!H108,Variacion_vs_Libre!H109,Variacion_vs_Libre!H110,Variacion_vs_Libre!H111,Variacion_vs_Libre!H112,Variacion_vs_Libre!H113,Variacion_vs_Libre!H114,Variacion_vs_Libre!H115)) -> 0.23907121 | N7: =AVERAGE(Variacion_vs_Libre!L98,Variacion_vs_Libre!L99,Variacion_vs_Libre!L100,Variacion_vs_Libre!L101,Variacion_vs_Libre!L102,Variacion_vs_Libre!L103,Variacion_vs_Libre!L104,Variacion_vs_Libre!L105,Variacion_vs_Libre!L106,Variacion_vs_Libre!L107,Variacion_vs_Libre!L108,Variacion_vs_Libre!L109,Variacion_vs_Libre!L110,Variacion_vs_Libre!L111,Variacion_vs_Libre!L112,Variacion_vs_Libre!L113,Variacion_vs_Libre!L114,Variacion_vs_Libre!L115) -> -0.089600328 | O7: =STDEV(Variacion_vs_Libre!L98,Variacion_vs_Libre!L99,Variacion_vs_Libre!L100,Variacion_vs_Libre!L101,Variacion_vs_Libre!L102,Variacion_vs_Libre!L103,Variacion_vs_Libre!L104,Variacion_vs_Libre!L105,Variacion_vs_Libre!L106,Variacion_vs_Libre!L107,Variacion_vs_Libre!L108,Variacion_vs_Libre!L109,Variacion_vs_Libre!L110,Variacion_vs_Libre!L111,Variacion_vs_Libre!L112,Variacion_vs_Libre!L113,Variacion_vs_Libre!L114,Variacion_vs_Libre!L115) -> 0.092627312 | P7: =MAX(Variacion_vs_Libre!L98,Variacion_vs_Libre!L99,Variacion_vs_Libre!L100,Variacion_vs_Libre!L101,Variacion_vs_Libre!L102,Variacion_vs_Libre!L103,Variacion_vs_Libre!L104,Variacion_vs_Libre!L105,Variacion_vs_Libre!L106,Variacion_vs_Libre!L107,Variacion_vs_Libre!L108,Variacion_vs_Libre!L109,Variacion_vs_Libre!L110,Variacion_vs_Libre!L111,Variacion_vs_Libre!L112,Variacion_vs_Libre!L113,Variacion_vs_Libre!L114,Variacion_vs_Libre!L115)-MIN(Variacion_vs_Libre!L98,Variacion_vs_Libre!L99,Variacion_vs_Libre!L100,Variacion_vs_Libre!L101,Variacion_vs_Libre!L102,Variacion_vs_Libre!L103,Variacion_vs_Libre!L104,Variacion_vs_Libre!L105,Variacion_vs_Libre!L106,Variacion_vs_Libre!L107,Variacion_vs_Libre!L108,Variacion_vs_Libre!L109,Variacion_vs_Libre!L110,Variacion_vs_Libre!L111,Variacion_vs_Libre!L112,Variacion_vs_Libre!L113,Variacion_vs_Libre!L114,Variacion_vs_Libre!L115) -> 0.27476834 | Q7: =MAX(MAX(Variacion_vs_Libre!L98,Variacion_vs_Libre!L99,Variacion_vs_Libre!L100,Variacion_vs_Libre!L101,Variacion_vs_Libre!L102,Variacion_vs_Libre!L103,Variacion_vs_Libre!L104,Variacion_vs_Libre!L105,Variacion_vs_Libre!L106,Variacion_vs_Libre!L107,Variacion_vs_Libre!L108,Variacion_vs_Libre!L109,Variacion_vs_Libre!L110,Variacion_vs_Libre!L111,Variacion_vs_Libre!L112,Variacion_vs_Libre!L113,Variacion_vs_Libre!L114,Variacion_vs_Libre!L115),-MIN(Variacion_vs_Libre!L98,Variacion_vs_Libre!L99,Variacion_vs_Libre!L100,Variacion_vs_Libre!L101,Variacion_vs_Libre!L102,Variacion_vs_Libre!L103,Variacion_vs_Libre!L104,Variacion_vs_Libre!L105,Variacion_vs_Libre!L106,Variacion_vs_Libre!L107,Variacion_vs_Libre!L108,Variacion_vs_Libre!L109,Variacion_vs_Libre!L110,Variacion_vs_Libre!L111,Variacion_vs_Libre!L112,Variacion_vs_Libre!L113,Variacion_vs_Libre!L114,Variacion_vs_Libre!L115)) -> 0.18544647
A8: 126000 | B8: =AVERAGE(Variacion_vs_Libre!D117,Variacion_vs_Libre!D118,Variacion_vs_Libre!D119,Variacion_vs_Libre!D120,Variacion_vs_Libre!D121,Variacion_vs_Libre!D122,Variacion_vs_Libre!D123,Variacion_vs_Libre!D124,Variacion_vs_Libre!D125,Variacion_vs_Libre!D126,Variacion_vs_Libre!D127,Variacion_vs_Libre!D128,Variacion_vs_Libre!D129,Variacion_vs_Libre!D130,Variacion_vs_Libre!D131,Variacion_vs_Libre!D132,Variacion_vs_Libre!D133,Variacion_vs_Libre!D134) -> -0.00064829472 | C8: =STDEV(Variacion_vs_Libre!D117,Variacion_vs_Libre!D118,Variacion_vs_Libre!D119,Variacion_vs_Libre!D120,Variacion_vs_Libre!D121,Variacion_vs_Libre!D122,Variacion_vs_Libre!D123,Variacion_vs_Libre!D124,Variacion_vs_Libre!D125,Variacion_vs_Libre!D126,Variacion_vs_Libre!D127,Variacion_vs_Libre!D128,Variacion_vs_Libre!D129,Variacion_vs_Libre!D130,Variacion_vs_Libre!D131,Variacion_vs_Libre!D132,Variacion_vs_Libre!D133,Variacion_vs_Libre!D134) -> 0.0023209837 | D8: =MAX(Variacion_vs_Libre!D117,Variacion_vs_Libre!D118,Variacion_vs_Libre!D119,Variacion_vs_Libre!D120,Variacion_vs_Libre!D121,Variacion_vs_Libre!D122,Variacion_vs_Libre!D123,Variacion_vs_Libre!D124,Variacion_vs_Libre!D125,Variacion_vs_Libre!D126,Variacion_vs_Libre!D127,Variacion_vs_Libre!D128,Variacion_vs_Libre!D129,Variacion_vs_Libre!D130,Variacion_vs_Libre!D131,Variacion_vs_Libre!D132,Variacion_vs_Libre!D133,Variacion_vs_Libre!D134)-MIN(Variacion_vs_Libre!D117,Variacion_vs_Libre!D118,Variacion_vs_Libre!D119,Variacion_vs_Libre!D120,Variacion_vs_Libre!D121,Variacion_vs_Libre!D122,Variacion_vs_Libre!D123,Variacion_vs_Libre!D124,Variacion_vs_Libre!D125,Variacion_vs_Libre!D126,Variacion_vs_Libre!D127,Variacion_vs_Libre!D128,Variacion_vs_Libre!D129,Variacion_vs_Libre!D130,Variacion_vs_Libre!D131,Variacion_vs_Libre!D132,Variacion_vs_Libre!D133,Variacion_vs_Libre!D134) -> 0.0097752881 | E8: =MAX(MAX(Variacion_vs_Libre!D117,Variacion_vs_Libre!D118,Variacion_vs_Libre!D119,Variacion_vs_Libre!D120,Variacion_vs_Libre!D121,Variacion_vs_Libre!D122,Variacion_vs_Libre!D123,Variacion_vs_Libre!D124,Variacion_vs_Libre!D125,Variacion_vs_Libre!D126,Variacion_vs_Libre!D127,Variacion_vs_Libre!D128,Variacion_vs_Libre!D129,Variacion_vs_Libre!D130,Variacion_vs_Libre!D131,Variacion_vs_Libre!D132,Variacion_vs_Libre!D133,Variacion_vs_Libre!D134),-MIN(Variacion_vs_Libre!D117,Variacion_vs_Libre!D118,Variacion_vs_Libre!D119,Variacion_vs_Libre!D120,Variacion_vs_Libre!D121,Variacion_vs_Libre!D122,Variacion_vs_Libre!D123,Variacion_vs_Libre!D124,Variacion_vs_Libre!D125,Variacion_vs_Libre!D126,Variacion_vs_Libre!D127,Variacion_vs_Libre!D128,Variacion_vs_Libre!D129,Variacion_vs_Libre!D130,Variacion_vs_Libre!D131,Variacion_vs_Libre!D132,Variacion_vs_Libre!D133,Variacion_vs_Libre!D134)) -> 0.0097752881 | F8: =AVERAGE(Variacion_vs_Libre!F117,Variacion_vs_Libre!F118,Variacion_vs_Libre!F119,Variacion_vs_Libre!F120,Variacion_vs_Libre!F121,Variacion_vs_Libre!F122,Variacion_vs_Libre!F123,Variacion_vs_Libre!F124,Variacion_vs_Libre!F125,Variacion_vs_Libre!F126,Variacion_vs_Libre!F127,Variacion_vs_Libre!F128,Variacion_vs_Libre!F129,Variacion_vs_Libre!F130,Variacion_vs_Libre!F131,Variacion_vs_Libre!F132,Variacion_vs_Libre!F133,Variacion_vs_Libre!F134) -> 0.015334498 | G8: =STDEV(Variacion_vs_Libre!F117,Variacion_vs_Libre!F118,Variacion_vs_Libre!F119,Variacion_vs_Libre!F120,Variacion_vs_Libre!F121,Variacion_vs_Libre!F122,Variacion_vs_Libre!F123,Variacion_vs_Libre!F124,Variacion_vs_Libre!F125,Variacion_vs_Libre!F126,Variacion_vs_Libre!F127,Variacion_vs_Libre!F128,Variacion_vs_Libre!F129,Variacion_vs_Libre!F130,Variacion_vs_Libre!F131,Variacion_vs_Libre!F132,Variacion_vs_Libre!F133,Variacion_vs_Libre!F134) -> 0.051884046 | H8: =MAX(Variacion_vs_Libre!F117,Variacion_vs_Libre!F118,Variacion_vs_Libre!F119,Variacion_vs_Libre!F120,Variacion_vs_Libre!F121,Variacion_vs_Libre!F122,Variacion_vs_Libre!F123,Variacion_vs_Libre!F124,Variacion_vs_Libre!F125,Variacion_vs_Libre!F126,Variacion_vs_Libre!F127,Variacion_vs_Libre!F128,Variacion_vs_Libre!F129,Variacion_vs_Libre!F130,Variacion_vs_Libre!F131,Variacion_vs_Libre!F132,Variacion_vs_Libre!F133,Variacion_vs_Libre!F134)-MIN(Variacion_vs_Libre!F117,Variacion_vs_Libre!F118,Variacion_vs_Libre!F119,Variacion_vs_Libre!F120,Variacion_vs_Libre!F121,Variacion_vs_Libre!F122,Variacion_vs_Libre!F123,Variacion_vs_Libre!F124,Variacion_vs_Libre!F125,Variacion_vs_Libre!F126,Variacion_vs_Libre!F127,Variacion_vs_Libre!F128,Variacion_vs_Libre!F129,Variacion_vs_Libre!F130,Variacion_vs_Libre!F131,Variacion_vs_Libre!F132,Variacion_vs_Libre!F133,Variacion_vs_Libre!F134) -> 0.21515346 | I8: =MAX(MAX(Variacion_vs_Libre!F117,Variacion_vs_Libre!F118,Variacion_vs_Libre!F119,Variacion_vs_Libre!F120,Variacion_vs_Libre!F121,Variacion_vs_Libre!F122,Variacion_vs_Libre!F123,Variacion_vs_Libre!F124,Variacion_vs_Libre!F125,Variacion_vs_Libre!F126,Variacion_vs_Libre!F127,Variacion_vs_Libre!F128,Variacion_vs_Libre!F129,Variacion_vs_Libre!F130,Variacion_vs_Libre!F131,Variacion_vs_Libre!F132,Variacion_vs_Libre!F133,Variacion_vs_Libre!F134),-MIN(Variacion_vs_Libre!F117,Variacion_vs_Libre!F118,Variacion_vs_Libre!F119,Variacion_vs_Libre!F120,Variacion_vs_Libre!F121,Variacion_vs_Libre!F122,Variacion_vs_Libre!F123,Variacion_vs_Libre!F124,Variacion_vs_Libre!F125,Variacion_vs_Libre!F126,Variacion_vs_Libre!F127,Variacion_vs_Libre!F128,Variacion_vs_Libre!F129,Variacion_vs_Libre!F130,Variacion_vs_Libre!F131,Variacion_vs_Libre!F132,Variacion_vs_Libre!F133,Variacion_vs_Libre!F134)) -> 0.21515346 | J8: =AVERAGE(Variacion_vs_Libre!H117,Variacion_vs_Libre!H118,Variacion_vs_Libre!H119,Variacion_vs_Libre!H120,Variacion_vs_Libre!H121,Variacion_vs_Libre!H122,Variacion_vs_Libre!H123,Variacion_vs_Libre!H124,Variacion_vs_Libre!H125,Variacion_vs_Libre!H126,Variacion_vs_Libre!H127,Variacion_vs_Libre!H128,Variacion_vs_Libre!H129,Variacion_vs_Libre!H130,Variacion_vs_Libre!H131,Variacion_vs_Libre!H132,Variacion_vs_Libre!H133,Variacion_vs_Libre!H134) -> -0.043032493 | K8: =STDEV(Variacion_vs_Libre!H117,Variacion_vs_Libre!H118,Variacion_vs_Libre!H119,Variacion_vs_Libre!H120,Variacion_vs_Libre!H121,Variacion_vs_Libre!H122,Variacion_vs_Libre!H123,Variacion_vs_Libre!H124,Variacion_vs_Libre!H125,Variacion_vs_Libre!H126,Variacion_vs_Libre!H127,Variacion_vs_Libre!H128,Variacion_vs_Libre!H129,Variacion_vs_Libre!H130,Variacion_vs_Libre!H131,Variacion_vs_Libre!H132,Variacion_vs_Libre!H133,Variacion_vs_Libre!H134) -> 0.076685509 | L8: =MAX(Variacion_vs_Libre!H117,Variacion_vs_Libre!H118,Variacion_vs_Libre!H119,Variacion_vs_Libre!H120,Variacion_vs_Libre!H121,Variacion_vs_Libre!H122,Variacion_vs_Libre!H123,Variacion_vs_Libre!H124,Variacion_vs_Libre!H125,Variacion_vs_Libre!H126,Variacion_vs_Libre!H127,Variacion_vs_Libre!H128,Variacion_vs_Libre!H129,Variacion_vs_Libre!H130,Variacion_vs_Libre!H131,Variacion_vs_Libre!H132,Variacion_vs_Libre!H133,Variacion_vs_Libre!H134)-MIN(Variacion_vs_Libre!H117,Variacion_vs_Libre!H118,Variacion_vs_Libre!H119,Variacion_vs_Libre!H120,Variacion_vs_Libre!H121,Variacion_vs_Libre!H122,Variacion_vs_Libre!H123,Variacion_vs_Libre!H124,Variacion_vs_Libre!H125,Variacion_vs_Libre!H126,Variacion_vs_Libre!H127,Variacion_vs_Libre!H128,Variacion_vs_Libre!H129,Variacion_vs_Libre!H130,Variacion_vs_Libre!H131,Variacion_vs_Libre!H132,Variacion_vs_Libre!H133,Variacion_vs_Libre!H134) -> 0.25416813 | M8: =MAX(MAX(Variacion_vs_Libre!H117,Variacion_vs_Libre!H118,Variacion_vs_Libre!H119,Variacion_vs_Libre!H120,Variacion_vs_Libre!H121,Variacion_vs_Libre!H122,Variacion_vs_Libre!H123,Variacion_vs_Libre!H124,Variacion_vs_Libre!H125,Variacion_vs_Libre!H126,Variacion_vs_Libre!H127,Variacion_vs_Libre!H128,Variacion_vs_Libre!H129,Variacion_vs_Libre!H130,Variacion_vs_Libre!H131,Variacion_vs_Libre!H132,Variacion_vs_Libre!H133,Variacion_vs_Libre!H134),-MIN(Variacion_vs_Libre!H117,Variacion_vs_Libre!H118,Variacion_vs_Libre!H119,Variacion_vs_Libre!H120,Variacion_vs_Libre!H121,Variacion_vs_Libre!H122,Variacion_vs_Libre!H123,Variacion_vs_Libre!H124,Variacion_vs_Libre!H125,Variacion_vs_Libre!H126,Variacion_vs_Libre!H127,Variacion_vs_Libre!H128,Variacion_vs_Libre!H129,Variacion_vs_Libre!H130,Variacion_vs_Libre!H131,Variacion_vs_Libre!H132,Variacion_vs_Libre!H133,Variacion_vs_Libre!H134)) -> 0.2425889 | N8: =AVERAGE(Variacion_vs_Libre!L117,Variacion_vs_Libre!L118,Variacion_vs_Libre!L119,Variacion_vs_Libre!L120,Variacion_vs_Libre!L121,Variacion_vs_Libre!L122,Variacion_vs_Libre!L123,Variacion_vs_Libre!L124,Variacion_vs_Libre!L125,Variacion_vs_Libre!L126,Variacion_vs_Libre!L127,Variacion_vs_Libre!L128,Variacion_vs_Libre!L129,Variacion_vs_Libre!L130,Variacion_vs_Libre!L131,Variacion_vs_Libre!L132,Variacion_vs_Libre!L133,Variacion_vs_Libre!L134) -> -0.066456876 | O8: =STDEV(Variacion_vs_Libre!L117,Variacion_vs_Libre!L118,Variacion_vs_Libre!L119,Variacion_vs_Libre!L120,Variacion_vs_Libre!L121,Variacion_vs_Libre!L122,Variacion_vs_Libre!L123,Variacion_vs_Libre!L124,Variacion_vs_Libre!L125,Variacion_vs_Libre!L126,Variacion_vs_Libre!L127,Variacion_vs_Libre!L128,Variacion_vs_Libre!L129,Variacion_vs_Libre!L130,Variacion_vs_Libre!L131,Variacion_vs_Libre!L132,Variacion_vs_Libre!L133,Variacion_vs_Libre!L134) -> 0.097519567 | P8: =MAX(Variacion_vs_Libre!L117,Variacion_vs_Libre!L118,Variacion_vs_Libre!L119,Variacion_vs_Libre!L120,Variacion_vs_Libre!L121,Variacion_vs_Libre!L122,Variacion_vs_Libre!L123,Variacion_vs_Libre!L124,Variacion_vs_Libre!L125,Variacion_vs_Libre!L126,Variacion_vs_Libre!L127,Variacion_vs_Libre!L128,Variacion_vs_Libre!L129,Variacion_vs_Libre!L130,Variacion_vs_Libre!L131,Variacion_vs_Libre!L132,Variacion_vs_Libre!L133,Variacion_vs_Libre!L134)-MIN(Variacion_vs_Libre!L117,Variacion_vs_Libre!L118,Variacion_vs_Libre!L119,Variacion_vs_Libre!L120,Variacion_vs_Libre!L121,Variacion_vs_Libre!L122,Variacion_vs_Libre!L123,Variacion_vs_Libre!L124,Variacion_vs_Libre!L125,Variacion_vs_Libre!L126,Variacion_vs_Libre!L127,Variacion_vs_Libre!L128,Variacion_vs_Libre!L129,Variacion_vs_Libre!L130,Variacion_vs_Libre!L131,Variacion_vs_Libre!L132,Variacion_vs_Libre!L133,Variacion_vs_Libre!L134) -> 0.28976891 | Q8: =MAX(MAX(Variacion_vs_Libre!L117,Variacion_vs_Libre!L118,Variacion_vs_Libre!L119,Variacion_vs_Libre!L120,Variacion_vs_Libre!L121,Variacion_vs_Libre!L122,Variacion_vs_Libre!L123,Variacion_vs_Libre!L124,Variacion_vs_Libre!L125,Variacion_vs_Libre!L126,Variacion_vs_Libre!L127,Variacion_vs_Libre!L128,Variacion_vs_Libre!L129,Variacion_vs_Libre!L130,Variacion_vs_Libre!L131,Variacion_vs_Libre!L132,Variacion_vs_Libre!L133,Variacion_vs_Libre!L134),-MIN(Variacion_vs_Libre!L117,Variacion_vs_Libre!L118,Variacion_vs_Libre!L119,Variacion_vs_Libre!L120,Variacion_vs_Libre!L121,Variacion_vs_Libre!L122,Variacion_vs_Libre!L123,Variacion_vs_Libre!L124,Variacion_vs_Libre!L125,Variacion_vs_Libre!L126,Variacion_vs_Libre!L127,Variacion_vs_Libre!L128,Variacion_vs_Libre!L129,Variacion_vs_Libre!L130,Variacion_vs_Libre!L131,Variacion_vs_Libre!L132,Variacion_vs_Libre!L133,Variacion_vs_Libre!L134)) -> 0.16826986
A9: 132000 | B9: =AVERAGE(Variacion_vs_Libre!D136,Variacion_vs_Libre!D137,Variacion_vs_Libre!D138,Variacion_vs_Libre!D139,Variacion_vs_Libre!D140,Variacion_vs_Libre!D141,Variacion_vs_Libre!D142,Variacion_vs_Libre!D143,Variacion_vs_Libre!D144,Variacion_vs_Libre!D145,Variacion_vs_Libre!D146,Variacion_vs_Libre!D147,Variacion_vs_Libre!D148,Variacion_vs_Libre!D149,Variacion_vs_Libre!D150,Variacion_vs_Libre!D151,Variacion_vs_Libre!D152,Variacion_vs_Libre!D153) -> -0.00034075432 | C9: =STDEV(Variacion_vs_Libre!D136,Variacion_vs_Libre!D137,Variacion_vs_Libre!D138,Variacion_vs_Libre!D139,Variacion_vs_Libre!D140,Variacion_vs_Libre!D141,Variacion_vs_Libre!D142,Variacion_vs_Libre!D143,Variacion_vs_Libre!D144,Variacion_vs_Libre!D145,Variacion_vs_Libre!D146,Variacion_vs_Libre!D147,Variacion_vs_Libre!D148,Variacion_vs_Libre!D149,Variacion_vs_Libre!D150,Variacion_vs_Libre!D151,Variacion_vs_Libre!D152,Variacion_vs_Libre!D153) -> 0.0014416988 | D9: =MAX(Variacion_vs_Libre!D136,Variacion_vs_Libre!D137,Variacion_vs_Libre!D138,Variacion_vs_Libre!D139,Variacion_vs_Libre!D140,Variacion_vs_Libre!D141,Variacion_vs_Libre!D142,Variacion_vs_Libre!D143,Variacion_vs_Libre!D144,Variacion_vs_Libre!D145,Variacion_vs_Libre!D146,Variacion_vs_Libre!D147,Variacion_vs_Libre!D148,Variacion_vs_Libre!D149,Variacion_vs_Libre!D150,Variacion_vs_Libre!D151,Variacion_vs_Libre!D152,Variacion_vs_Libre!D153)-MIN(Variacion_vs_Libre!D136,Variacion_vs_Libre!D137,Variacion_vs_Libre!D138,Variacion_vs_Libre!D139,Variacion_vs_Libre!D140,Variacion_vs_Libre!D141,Variacion_vs_Libre!D142,Variacion_vs_Libre!D143,Variacion_vs_Libre!D144,Variacion_vs_Libre!D145,Variacion_vs_Libre!D146,Variacion_vs_Libre!D147,Variacion_vs_Libre!D148,Variacion_vs_Libre!D149,Variacion_vs_Libre!D150,Variacion_vs_Libre!D151,Variacion_vs_Libre!D152,Variacion_vs_Libre!D153) -> 0.0061175328 | E9: =MAX(MAX(Variacion_vs_Libre!D136,Variacion_vs_Libre!D137,Variacion_vs_Libre!D138,Variacion_vs_Libre!D139,Variacion_vs_Libre!D140,Variacion_vs_Libre!D141,Variacion_vs_Libre!D142,Variacion_vs_Libre!D143,Variacion_vs_Libre!D144,Variacion_vs_Libre!D145,Variacion_vs_Libre!D146,Variacion_vs_Libre!D147,Variacion_vs_Libre!D148,Variacion_vs_Libre!D149,Variacion_vs_Libre!D150,Variacion_vs_Libre!D151,Variacion_vs_Libre!D152,Variacion_vs_Libre!D153),-MIN(Variacion_vs_Libre!D136,Variacion_vs_Libre!D137,Variacion_vs_Libre!D138,Variacion_vs_Libre!D139,Variacion_vs_Libre!D140,Variacion_vs_Libre!D141,Variacion_vs_Libre!D142,Variacion_vs_Libre!D143,Variacion_vs_Libre!D144,Variacion_vs_Libre!D145,Variacion_vs_Libre!D146,Variacion_vs_Libre!D147,Variacion_vs_Libre!D148,Variacion_vs_Libre!D149,Variacion_vs_Libre!D150,Variacion_vs_Libre!D151,Variacion_vs_Libre!D152,Variacion_vs_Libre!D153)) -> 0.0061175328 | F9: =AVERAGE(Variacion_vs_Libre!F136,Variacion_vs_Libre!F137,Variacion_vs_Libre!F138,Variacion_vs_Libre!F139,Variacion_vs_Libre!F140,Variacion_vs_Libre!F141,Variacion_vs_Libre!F142,Variacion_vs_Libre!F143,Variacion_vs_Libre!F144,Variacion_vs_Libre!F145,Variacion_vs_Libre!F146,Variacion_vs_Libre!F147,Variacion_vs_Libre!F148,Variacion_vs_Libre!F149,Variacion_vs_Libre!F150,Variacion_vs_Libre!F151,Variacion_vs_Libre!F152,Variacion_vs_Libre!F153) -> 0.014729763 | G9: =STDEV(Variacion_vs_Libre!F136,Variacion_vs_Libre!F137,Variacion_vs_Libre!F138,Variacion_vs_Libre!F139,Variacion_vs_Libre!F140,Variacion_vs_Libre!F141,Variacion_vs_Libre!F142,Variacion_vs_Libre!F143,Variacion_vs_Libre!F144,Variacion_vs_Libre!F145,Variacion_vs_Libre!F146,Variacion_vs_Libre!F147,Variacion_vs_Libre!F148,Variacion_vs_Libre!F149,Variacion_vs_Libre!F150,Variacion_vs_Libre!F151,Variacion_vs_Libre!F152,Variacion_vs_Libre!F153) -> 0.049934028 | H9: =MAX(Variacion_vs_Libre!F136,Variacion_vs_Libre!F137,Variacion_vs_Libre!F138,Variacion_vs_Libre!F139,Variacion_vs_Libre!F140,Variacion_vs_Libre!F141,Variacion_vs_Libre!F142,Variacion_vs_Libre!F143,Variacion_vs_Libre!F144,Variacion_vs_Libre!F145,Variacion_vs_Libre!F146,Variacion_vs_Libre!F147,Variacion_vs_Libre!F148,Variacion_vs_Libre!F149,Variacion_vs_Libre!F150,Variacion_vs_Libre!F151,Variacion_vs_Libre!F152,Variacion_vs_Libre!F153)-MIN(Variacion_vs_Libre!F136,Variacion_vs_Libre!F137,Variacion_vs_Libre!F138,Variacion_vs_Libre!F139,Variacion_vs_Libre!F140,Variacion_vs_Libre!F141,Variacion_vs_Libre!F142,Variacion_vs_Libre!F143,Variacion_vs_Libre!F144,Variacion_vs_Libre!F145,Variacion_vs_Libre!F146,Variacion_vs_Libre!F147,Variacion_vs_Libre!F148,Variacion_vs_Libre!F149,Variacion_vs_Libre!F150,Variacion_vs_Libre!F151,Variacion_vs_Libre!F152,Variacion_vs_Libre!F153) -> 0.20721647 | I9: =MAX(MAX(Variacion_vs_Libre!F136,Variacion_vs_Libre!F137,Variacion_vs_Libre!F138,Variacion_vs_Libre!F139,Variacion_vs_Libre!F140,Variacion_vs_Libre!F141,Variacion_vs_Libre!F142,Variacion_vs_Libre!F143,Variacion_vs_Libre!F144,Variacion_vs_Libre!F145,Variacion_vs_Libre!F146,Variacion_vs_Libre!F147,Variacion_vs_Libre!F148,Variacion_vs_Libre!F149,Variacion_vs_Libre!F150,Variacion_vs_Libre!F151,Variacion_vs_Libre!F152,Variacion_vs_Libre!F153),-MIN(Variacion_vs_Libre!F136,Variacion_vs_Libre!F137,Variacion_vs_Libre!F138,Variacion_vs_Libre!F139,Variacion_vs_Libre!F140,Variacion_vs_Libre!F141,Variacion_vs_Libre!F142,Variacion_vs_Libre!F143,Variacion_vs_Libre!F144,Variacion_vs_Libre!F145,Variacion_vs_Libre!F146,Variacion_vs_Libre!F147,Variacion_vs_Libre!F148,Variacion_vs_Libre!F149,Variacion_vs_Libre!F150,Variacion_vs_Libre!F151,Variacion_vs_Libre!F152,Variacion_vs_Libre!F153)) -> 0.20721647 | J9: =AVERAGE(Variacion_vs_Libre!H136,Variacion_vs_Libre!H137,Variacion_vs_Libre!H138,Variacion_vs_Libre!H139,Variacion_vs_Libre!H140,Variacion_vs_Libre!H141,Variacion_vs_Libre!H142,Variacion_vs_Libre!H143,Variacion_vs_Libre!H144,Variacion_vs_Libre!H145,Variacion_vs_Libre!H146,Variacion_vs_Libre!H147,Variacion_vs_Libre!H148,Variacion_vs_Libre!H149,Variacion_vs_Libre!H150,Variacion_vs_Libre!H151,Variacion_vs_Libre!H152,Variacion_vs_Libre!H153) -> -0.044378294 | K9: =STDEV(Variacion_vs_Libre!H136,Variacion_vs_Libre!H137,Variacion_vs_Libre!H138,Variacion_vs_Libre!H139,Variacion_vs_Libre!H140,Variacion_vs_Libre!H141,Variacion_vs_Libre!H142,Variacion_vs_Libre!H143,Variacion_vs_Libre!H144,Variacion_vs_Libre!H145,Variacion_vs_Libre!H146,Variacion_vs_Libre!H147,Variacion_vs_Libre!H148,Variacion_vs_Libre!H149,Variacion_vs_Libre!H150,Variacion_vs_Libre!H151,Variacion_vs_Libre!H152,Variacion_vs_Libre!H153) -> 0.077255123 | L9: =MAX(Variacion_vs_Libre!H136,Variacion_vs_Libre!H137,Variacion_vs_Libre!H138,Variacion_vs_Libre!H139,Variacion_vs_Libre!H140,Variacion_vs_Libre!H141,Variacion_vs_Libre!H142,Variacion_vs_Libre!H143,Variacion_vs_Libre!H144,Variacion_vs_Libre!H145,Variacion_vs_Libre!H146,Variacion_vs_Libre!H147,Variacion_vs_Libre!H148,Variacion_vs_Libre!H149,Variacion_vs_Libre!H150,Variacion_vs_Libre!H151,Variacion_vs_Libre!H152,Variacion_vs_Libre!H153)-MIN(Variacion_vs_Libre!H136,Variacion_vs_Libre!H137,Variacion_vs_Libre!H138,Variacion_vs_Libre!H139,Variacion_vs_Libre!H140,Variacion_vs_Libre!H141,Variacion_vs_Libre!H142,Variacion_vs_Libre!H143,Variacion_vs_Libre!H144,Variacion_vs_Libre!H145,Variacion_vs_Libre!H146,Variacion_vs_Libre!H147,Variacion_vs_Libre!H148,Variacion_vs_Libre!H149,Variacion_vs_Libre!H150,Variacion_vs_Libre!H151,Variacion_vs_Libre!H152,Variacion_vs_Libre!H153) -> 0.25529617 | M9: =MAX(MAX(Variacion_vs_Libre!H136,Variacion_vs_Libre!H137,Variacion_vs_Libre!H138,Variacion_vs_Libre!H139,Variacion_vs_Libre!H140,Variacion_vs_Libre!H141,Variacion_vs_Libre!H142,Variacion_vs_Libre!H143,Variacion_vs_Libre!H144,Variacion_vs_Libre!H145,Variacion_vs_Libre!H146,Variacion_vs_Libre!H147,Variacion_vs_Libre!H148,Variacion_vs_Libre!H149,Variacion_vs_Libre!H150,Variacion_vs_Libre!H151,Variacion_vs_Libre!H152,Variacion_vs_Libre!H153),-MIN(Variacion_vs_Libre!H136,Variacion_vs_Libre!H137,Variacion_vs_Libre!H138,Variacion_vs_Libre!H139,Variacion_vs_Libre!H140,Variacion_vs_Libre!H141,Variacion_vs_Libre!H142,Variacion_vs_Libre!H143,Variacion_vs_Libre!H144,Variacion_vs_Libre!H145,Variacion_vs_Libre!H146,Variacion_vs_Libre!H147,Variacion_vs_Libre!H148,Variacion_vs_Libre!H149,Variacion_vs_Libre!H150,Variacion_vs_Libre!H151,Variacion_vs_Libre!H152,Variacion_vs_Libre!H153)) -> 0.2455808 | N9: =AVERAGE(Variacion_vs_Libre!L136,Variacion_vs_Libre!L137,Variacion_vs_Libre!L138,Variacion_vs_Libre!L139,Variacion_vs_Libre!L140,Variacion_vs_Libre!L141,Variacion_vs_Libre!L142,Variacion_vs_Libre!L143,Variacion_vs_Libre!L144,Variacion_vs_Libre!L145,Variacion_vs_Libre!L146,Variacion_vs_Libre!L147,Variacion_vs_Libre!L148,Variacion_vs_Libre!L149,Variacion_vs_Libre!L150,Variacion_vs_Libre!L151,Variacion_vs_Libre!L152,Variacion_vs_Libre!L153) -> -0.043387338 | O9: =STDEV(Variacion_vs_Libre!L136,Variacion_vs_Libre!L137,Variacion_vs_Libre!L138,Variacion_vs_Libre!L139,Variacion_vs_Libre!L140,Variacion_vs_Libre!L141,Variacion_vs_Libre!L142,Variacion_vs_Libre!L143,Variacion_vs_Libre!L144,Variacion_vs_Libre!L145,Variacion_vs_Libre!L146,Variacion_vs_Libre!L147,Variacion_vs_Libre!L148,Variacion_vs_Libre!L149,Variacion_vs_Libre!L150,Variacion_vs_Libre!L151,Variacion_vs_Libre!L152,Variacion_vs_Libre!L153) -> 0.10239245 | P9: =MAX(Variacion_vs_Libre!L136,Variacion_vs_Libre!L137,Variacion_vs_Libre!L138,Variacion_vs_Libre!L139,Variacion_vs_Libre!L140,Variacion_vs_Libre!L141,Variacion_vs_Libre!L142,Variacion_vs_Libre!L143,Variacion_vs_Libre!L144,Variacion_vs_Libre!L145,Variacion_vs_Libre!L146,Variacion_vs_Libre!L147,Variacion_vs_Libre!L148,Variacion_vs_Libre!L149,Variacion_vs_Libre!L150,Variacion_vs_Libre!L151,Variacion_vs_Libre!L152,Variacion_vs_Libre!L153)-MIN(Variacion_vs_Libre!L136,Variacion_vs_Libre!L137,Variacion_vs_Libre!L138,Variacion_vs_Libre!L139,Variacion_vs_Libre!L140,Variacion_vs_Libre!L141,Variacion_vs_Libre!L142,Variacion_vs_Libre!L143,Variacion_vs_Libre!L144,Variacion_vs_Libre!L145,Variacion_vs_Libre!L146,Variacion_vs_Libre!L147,Variacion_vs_Libre!L148,Variacion_vs_Libre!L149,Variacion_vs_Libre!L150,Variacion_vs_Libre!L151,Variacion_vs_Libre!L152,Variacion_vs_Libre!L153) -> 0.30487201 | Q9: =MAX(MAX(Variacion_vs_Libre!L136,Variacion_vs_Libre!L137,Variacion_vs_Libre!L138,Variacion_vs_Libre!L139,Variacion_vs_Libre!L140,Variacion_vs_Libre!L141,Variacion_vs_Libre!L142,Variacion_vs_Libre!L143,Variacion_vs_Libre!L144,Variacion_vs_Libre!L145,Variacion_vs_Libre!L146,Variacion_vs_Libre!L147,Variacion_vs_Libre!L148,Variacion_vs_Libre!L149,Variacion_vs_Libre!L150,Variacion_vs_Libre!L151,Variacion_vs_Libre!L152,Variacion_vs_Libre!L153),-MIN(Variacion_vs_Libre!L136,Variacion_vs_Libre!L137,Variacion_vs_Libre!L138,Variacion_vs_Libre!L139,Variacion_vs_Libre!L140,Variacion_vs_Libre!L141,Variacion_vs_Libre!L142,Variacion_vs_Libre!L143,Variacion_vs_Libre!L144,Variacion_vs_Libre!L145,Variacion_vs_Libre!L146,Variacion_vs_Libre!L147,Variacion_vs_Libre!L148,Variacion_vs_Libre!L149,Variacion_vs_Libre!L150,Variacion_vs_Libre!L151,Variacion_vs_Libre!L152,Variacion_vs_Libre!L153)) -> 0.1535511
A10: 165000 | B10: =AVERAGE(Variacion_vs_Libre!D155,Variacion_vs_Libre!D156,Variacion_vs_Libre!D157,Variacion_vs_Libre!D158,Variacion_vs_Libre!D159,Variacion_vs_Libre!D160,Variacion_vs_Libre!D161,Variacion_vs_Libre!D162,Variacion_vs_Libre!D163,Variacion_vs_Libre!D164,Variacion_vs_Libre!D165,Variacion_vs_Libre!D166,Variacion_vs_Libre!D167,Variacion_vs_Libre!D168,Variacion_vs_Libre!D169,Variacion_vs_Libre!D170,Variacion_vs_Libre!D171,Variacion_vs_Libre!D172) -> -0.00012356225 | C10: =STDEV(Variacion_vs_Libre!D155,Variacion_vs_Libre!D156,Variacion_vs_Libre!D157,Variacion_vs_Libre!D158,Variacion_vs_Libre!D159,Variacion_vs_Libre!D160,Variacion_vs_Libre!D161,Variacion_vs_Libre!D162,Variacion_vs_Libre!D163,Variacion_vs_Libre!D164,Variacion_vs_Libre!D165,Variacion_vs_Libre!D166,Variacion_vs_Libre!D167,Variacion_vs_Libre!D168,Variacion_vs_Libre!D169,Variacion_vs_Libre!D170,Variacion_vs_Libre!D171,Variacion_vs_Libre!D172) -> 0.00052423025 | D10: =MAX(Variacion_vs_Libre!D155,Variacion_vs_Libre!D156,Variacion_vs_Libre!D157,Variacion_vs_Libre!D158,Variacion_vs_Libre!D159,Variacion_vs_Libre!D160,Variacion_vs_Libre!D161,Variacion_vs_Libre!D162,Variacion_vs_Libre!D163,Variacion_vs_Libre!D164,Variacion_vs_Libre!D165,Variacion_vs_Libre!D166,Variacion_vs_Libre!D167,Variacion_vs_Libre!D168,Variacion_vs_Libre!D169,Variacion_vs_Libre!D170,Variacion_vs_Libre!D171,Variacion_vs_Libre!D172)-MIN(Variacion_vs_Libre!D155,Variacion_vs_Libre!D156,Variacion_vs_Libre!D157,Variacion_vs_Libre!D158,Variacion_vs_Libre!D159,Variacion_vs_Libre!D160,Variacion_vs_Libre!D161,Variacion_vs_Libre!D162,Variacion_vs_Libre!D163,Variacion_vs_Libre!D164,Variacion_vs_Libre!D165,Variacion_vs_Libre!D166,Variacion_vs_Libre!D167,Variacion_vs_Libre!D168,Variacion_vs_Libre!D169,Variacion_vs_Libre!D170,Variacion_vs_Libre!D171,Variacion_vs_Libre!D172) -> 0.0022241206 | E10: =MAX(MAX(Variacion_vs_Libre!D155,Variacion_vs_Libre!D156,Variacion_vs_Libre!D157,Variacion_vs_Libre!D158,Variacion_vs_Libre!D159,Variacion_vs_Libre!D160,Variacion_vs_Libre!D161,Variacion_vs_Libre!D162,Variacion_vs_Libre!D163,Variacion_vs_Libre!D164,Variacion_vs_Libre!D165,Variacion_vs_Libre!D166,Variacion_vs_Libre!D167,Variacion_vs_Libre!D168,Variacion_vs_Libre!D169,Variacion_vs_Libre!D170,Variacion_vs_Libre!D171,Variacion_vs_Libre!D172),-MIN(Variacion_vs_Libre!D155,Variacion_vs_Libre!D156,Variacion_vs_Libre!D157,Variacion_vs_Libre!D158,Variacion_vs_Libre!D159,Variacion_vs_Libre!D160,Variacion_vs_Libre!D161,Variacion_vs_Libre!D162,Variacion_vs_Libre!D163,Variacion_vs_Libre!D164,Variacion_vs_Libre!D165,Variacion_vs_Libre!D166,Variacion_vs_Libre!D167,Variacion_vs_Libre!D168,Variacion_vs_Libre!D169,Variacion_vs_Libre!D170,Variacion_vs_Libre!D171,Variacion_vs_Libre!D172)) -> 0.0022241206 | F10: =AVERAGE(Variacion_vs_Libre!F155,Variacion_vs_Libre!F156,Variacion_vs_Libre!F157,Variacion_vs_Libre!F158,Variacion_vs_Libre!F159,Variacion_vs_Libre!F160,Variacion_vs_Libre!F161,Variacion_vs_Libre!F162,Variacion_vs_Libre!F163,Variacion_vs_Libre!F164,Variacion_vs_Libre!F165,Variacion_vs_Libre!F166,Variacion_vs_Libre!F167,Variacion_vs_Libre!F168,Variacion_vs_Libre!F169,Variacion_vs_Libre!F170,Variacion_vs_Libre!F171,Variacion_vs_Libre!F172) -> 0.0039329297 | G10: =STDEV(Variacion_vs_Libre!F155,Variacion_vs_Libre!F156,Variacion_vs_Libre!F157,Variacion_vs_Libre!F158,Variacion_vs_Libre!F159,Variacion_vs_Libre!F160,Variacion_vs_Libre!F161,Variacion_vs_Libre!F162,Variacion_vs_Libre!F163,Variacion_vs_Libre!F164,Variacion_vs_Libre!F165,Variacion_vs_Libre!F166,Variacion_vs_Libre!F167,Variacion_vs_Libre!F168,Variacion_vs_Libre!F169,Variacion_vs_Libre!F170,Variacion_vs_Libre!F171,Variacion_vs_Libre!F172) -> 0.016686008 | H10: =MAX(Variacion_vs_Libre!F155,Variacion_vs_Libre!F156,Variacion_vs_Libre!F157,Variacion_vs_Libre!F158,Variacion_vs_Libre!F159,Variacion_vs_Libre!F160,Variacion_vs_Libre!F161,Variacion_vs_Libre!F162,Variacion_vs_Libre!F163,Variacion_vs_Libre!F164,Variacion_vs_Libre!F165,Variacion_vs_Libre!F166,Variacion_vs_Libre!F167,Variacion_vs_Libre!F168,Variacion_vs_Libre!F169,Variacion_vs_Libre!F170,Variacion_vs_Libre!F171,Variacion_vs_Libre!F172)-MIN(Variacion_vs_Libre!F155,Variacion_vs_Libre!F156,Variacion_vs_Libre!F157,Variacion_vs_Libre!F158,Variacion_vs_Libre!F159,Variacion_vs_Libre!F160,Variacion_vs_Libre!F161,Variacion_vs_Libre!F162,Variacion_vs_Libre!F163,Variacion_vs_Libre!F164,Variacion_vs_Libre!F165,Variacion_vs_Libre!F166,Variacion_vs_Libre!F167,Variacion_vs_Libre!F168,Variacion_vs_Libre!F169,Variacion_vs_Libre!F170,Variacion_vs_Libre!F171,Variacion_vs_Libre!F172) -> 0.070792735 | I10: =MAX(MAX(Variacion_vs_Libre!F155,Variacion_vs_Libre!F156,Variacion_vs_Libre!F157,Variacion_vs_Libre!F158,Variacion_vs_Libre!F159,Variacion_vs_Libre!F160,Variacion_vs_Libre!F161,Variacion_vs_Libre!F162,Variacion_vs_Libre!F163,Variacion_vs_Libre!F164,Variacion_vs_Libre!F165,Variacion_vs_Libre!F166,Variacion_vs_Libre!F167,Variacion_vs_Libre!F168,Variacion_vs_Libre!F169,Variacion_vs_Libre!F170,Variacion_vs_Libre!F171,Variacion_vs_Libre!F172),-MIN(Variacion_vs_Libre!F155,Variacion_vs_Libre!F156,Variacion_vs_Libre!F157,Variacion_vs_Libre!F158,Variacion_vs_Libre!F159,Variacion_vs_Libre!F160,Variacion_vs_Libre!F161,Variacion_vs_Libre!F162,Variacion_vs_Libre!F163,Variacion_vs_Libre!F164,Variacion_vs_Libre!F165,Variacion_vs_Libre!F166,Variacion_vs_Libre!F167,Variacion_vs_Libre!F168,Variacion_vs_Libre!F169,Variacion_vs_Libre!F170,Variacion_vs_Libre!F171,Variacion_vs_Libre!F172)) -> 0.070792735 | J10: =AVERAGE(Variacion_vs_Libre!H155,Variacion_vs_Libre!H156,Variacion_vs_Libre!H157,Variacion_vs_Libre!H158,Variacion_vs_Libre!H159,Variacion_vs_Libre!H160,Variacion_vs_Libre!H161,Variacion_vs_Libre!H162,Variacion_vs_Libre!H163,Variacion_vs_Libre!H164,Variacion_vs_Libre!H165,Variacion_vs_Libre!H166,Variacion_vs_Libre!H167,Variacion_vs_Libre!H168,Variacion_vs_Libre!H169,Variacion_vs_Libre!H170,Variacion_vs_Libre!H171,Variacion_vs_Libre!H172) -> -0.052157818 | K10: =STDEV(Variacion_vs_Libre!H155,Variacion_vs_Libre!H156,Variacion_vs_Libre!H157,Variacion_vs_Libre!H158,Variacion_vs_Libre!H159,Variacion_vs_Libre!H160,Variacion_vs_Libre!H161,Variacion_vs_Libre!H162,Variacion_vs_Libre!H163,Variacion_vs_Libre!H164,Variacion_vs_Libre!H165,Variacion_vs_Libre!H166,Variacion_vs_Libre!H167,Variacion_vs_Libre!H168,Variacion_vs_Libre!H169,Variacion_vs_Libre!H170,Variacion_vs_Libre!H171,Variacion_vs_Libre!H172) -> 0.080509106 | L10: =MAX(Variacion_vs_Libre!H155,Variacion_vs_Libre!H156,Variacion_vs_Libre!H157,Variacion_vs_Libre!H158,Variacion_vs_Libre!H159,Variacion_vs_Libre!H160,Variacion_vs_Libre!H161,Variacion_vs_Libre!H162,Variacion_vs_Libre!H163,Variacion_vs_Libre!H164,Variacion_vs_Libre!H165,Variacion_vs_Libre!H166,Variacion_vs_Libre!H167,Variacion_vs_Libre!H168,Variacion_vs_Libre!H169,Variacion_vs_Libre!H170,Variacion_vs_Libre!H171,Variacion_vs_Libre!H172)-MIN(Variacion_vs_Libre!H155,Variacion_vs_Libre!H156,Variacion_vs_Libre!H157,Variacion_vs_Libre!H158,Variacion_vs_Libre!H159,Variacion_vs_Libre!H160,Variacion_vs_Libre!H161,Variacion_vs_Libre!H162,Variacion_vs_Libre!H163,Variacion_vs_Libre!H164,Variacion_vs_Libre!H165,Variacion_vs_Libre!H166,Variacion_vs_Libre!H167,Variacion_vs_Libre!H168,Variacion_vs_Libre!H169,Variacion_vs_Libre!H170,Variacion_vs_Libre!H171,Variacion_vs_Libre!H172) -> 0.26245715 | M10: =MAX(MAX(Variacion_vs_Libre!H155,Variacion_vs_Libre!H156,Variacion_vs_Libre!H157,Variacion_vs_Libre!H158,Variacion_vs_Libre!H159,Variacion_vs_Libre!H160,Variacion_vs_Libre!H161,Variacion_vs_Libre!H162,Variacion_vs_Libre!H163,Variacion_vs_Libre!H164,Variacion_vs_Libre!H165,Variacion_vs_Libre!H166,Variacion_vs_Libre!H167,Variacion_vs_Libre!H168,Variacion_vs_Libre!H169,Variacion_vs_Libre!H170,Variacion_vs_Libre!H171,Variacion_vs_Libre!H172),-MIN(Variacion_vs_Libre!H155,Variacion_vs_Libre!H156,Variacion_vs_Libre!H157,Variacion_vs_Libre!H158,Variacion_vs_Libre!H159,Variacion_vs_Libre!H160,Variacion_vs_Libre!H161,Variacion_vs_Libre!H162,Variacion_vs_Libre!H163,Variacion_vs_Libre!H164,Variacion_vs_Libre!H165,Variacion_vs_Libre!H166,Variacion_vs_Libre!H167,Variacion_vs_Libre!H168,Variacion_vs_Libre!H169,Variacion_vs_Libre!H170,Variacion_vs_Libre!H171,Variacion_vs_Libre!H172)) -> 0.2608637 | N10: =AVERAGE(Variacion_vs_Libre!L155,Variacion_vs_Libre!L156,Variacion_vs_Libre!L157,Variacion_vs_Libre!L158,Variacion_vs_Libre!L159,Variacion_vs_Libre!L160,Variacion_vs_Libre!L161,Variacion_vs_Libre!L162,Variacion_vs_Libre!L163,Variacion_vs_Libre!L164,Variacion_vs_Libre!L165,Variacion_vs_Libre!L166,Variacion_vs_Libre!L167,Variacion_vs_Libre!L168,Variacion_vs_Libre!L169,Variacion_vs_Libre!L170,Variacion_vs_Libre!L171,Variacion_vs_Libre!L172) -> 0.05372215 | O10: =STDEV(Variacion_vs_Libre!L155,Variacion_vs_Libre!L156,Variacion_vs_Libre!L157,Variacion_vs_Libre!L158,Variacion_vs_Libre!L159,Variacion_vs_Libre!L160,Variacion_vs_Libre!L161,Variacion_vs_Libre!L162,Variacion_vs_Libre!L163,Variacion_vs_Libre!L164,Variacion_vs_Libre!L165,Variacion_vs_Libre!L166,Variacion_vs_Libre!L167,Variacion_vs_Libre!L168,Variacion_vs_Libre!L169,Variacion_vs_Libre!L170,Variacion_vs_Libre!L171,Variacion_vs_Libre!L172) -> 0.12437579 | P10: =MAX(Variacion_vs_Libre!L155,Variacion_vs_Libre!L156,Variacion_vs_Libre!L157,Variacion_vs_Libre!L158,Variacion_vs_Libre!L159,Variacion_vs_Libre!L160,Variacion_vs_Libre!L161,Variacion_vs_Libre!L162,Variacion_vs_Libre!L163,Variacion_vs_Libre!L164,Variacion_vs_Libre!L165,Variacion_vs_Libre!L166,Variacion_vs_Libre!L167,Variacion_vs_Libre!L168,Variacion_vs_Libre!L169,Variacion_vs_Libre!L170,Variacion_vs_Libre!L171,Variacion_vs_Libre!L172)-MIN(Variacion_vs_Libre!L155,Variacion_vs_Libre!L156,Variacion_vs_Libre!L157,Variacion_vs_Libre!L158,Variacion_vs_Libre!L159,Variacion_vs_Libre!L160,Variacion_vs_Libre!L161,Variacion_vs_Libre!L162,Variacion_vs_Libre!L163,Variacion_vs_Libre!L164,Variacion_vs_Libre!L165,Variacion_vs_Libre!L166,Variacion_vs_Libre!L167,Variacion_vs_Libre!L168,Variacion_vs_Libre!L169,Variacion_vs_Libre!L170,Variacion_vs_Libre!L171,Variacion_vs_Libre!L172) -> 0.3728187 | Q10: =MAX(MAX(Variacion_vs_Libre!L155,Variacion_vs_Libre!L156,Variacion_vs_Libre!L157,Variacion_vs_Libre!L158,Variacion_vs_Libre!L159,Variacion_vs_Libre!L160,Variacion_vs_Libre!L161,Variacion_vs_Libre!L162,Variacion_vs_Libre!L163,Variacion_vs_Libre!L164,Variacion_vs_Libre!L165,Variacion_vs_Libre!L166,Variacion_vs_Libre!L167,Variacion_vs_Libre!L168,Variacion_vs_Libre!L169,Variacion_vs_Libre!L170,Variacion_vs_Libre!L171,Variacion_vs_Libre!L172),-MIN(Variacion_vs_Libre!L155,Variacion_vs_Libre!L156,Variacion_vs_Libre!L157,Variacion_vs_Libre!L158,Variacion_vs_Libre!L159,Variacion_vs_Libre!L160,Variacion_vs_Libre!L161,Variacion_vs_Libre!L162,Variacion_vs_Libre!L163,Variacion_vs_Libre!L164,Variacion_vs_Libre!L165,Variacion_vs_Libre!L166,Variacion_vs_Libre!L167,Variacion_vs_Libre!L168,Variacion_vs_Libre!L169,Variacion_vs_Libre!L170,Variacion_vs_Libre!L171,Variacion_vs_Libre!L172)) -> 0.29100803
A11: 198000 | B11: =AVERAGE(Variacion_vs_Libre!D174,Variacion_vs_Libre!D175,Variacion_vs_Libre!D176,Variacion_vs_Libre!D177,Variacion_vs_Libre!D178,Variacion_vs_Libre!D179,Variacion_vs_Libre!D180,Variacion_vs_Libre!D181,Variacion_vs_Libre!D182,Variacion_vs_Libre!D183,Variacion_vs_Libre!D184,Variacion_vs_Libre!D185,Variacion_vs_Libre!D186,Variacion_vs_Libre!D187,Variacion_vs_Libre!D188,Variacion_vs_Libre!D189,Variacion_vs_Libre!D190,Variacion_vs_Libre!D191) -> -6.6396603e-05 | C11: =STDEV(Variacion_vs_Libre!D174,Variacion_vs_Libre!D175,Variacion_vs_Libre!D176,Variacion_vs_Libre!D177,Variacion_vs_Libre!D178,Variacion_vs_Libre!D179,Variacion_vs_Libre!D180,Variacion_vs_Libre!D181,Variacion_vs_Libre!D182,Variacion_vs_Libre!D183,Variacion_vs_Libre!D184,Variacion_vs_Libre!D185,Variacion_vs_Libre!D186,Variacion_vs_Libre!D187,Variacion_vs_Libre!D188,Variacion_vs_Libre!D189,Variacion_vs_Libre!D190,Variacion_vs_Libre!D191) -> 0.00028169693 | D11: =MAX(Variacion_vs_Libre!D174,Variacion_vs_Libre!D175,Variacion_vs_Libre!D176,Variacion_vs_Libre!D177,Variacion_vs_Libre!D178,Variacion_vs_Libre!D179,Variacion_vs_Libre!D180,Variacion_vs_Libre!D181,Variacion_vs_Libre!D182,Variacion_vs_Libre!D183,Variacion_vs_Libre!D184,Variacion_vs_Libre!D185,Variacion_vs_Libre!D186,Variacion_vs_Libre!D187,Variacion_vs_Libre!D188,Variacion_vs_Libre!D189,Variacion_vs_Libre!D190,Variacion_vs_Libre!D191)-MIN(Variacion_vs_Libre!D174,Variacion_vs_Libre!D175,Variacion_vs_Libre!D176,Variacion_vs_Libre!D177,Variacion_vs_Libre!D178,Variacion_vs_Libre!D179,Variacion_vs_Libre!D180,Variacion_vs_Libre!D181,Variacion_vs_Libre!D182,Variacion_vs_Libre!D183,Variacion_vs_Libre!D184,Variacion_vs_Libre!D185,Variacion_vs_Libre!D186,Variacion_vs_Libre!D187,Variacion_vs_Libre!D188,Variacion_vs_Libre!D189,Variacion_vs_Libre!D190,Variacion_vs_Libre!D191) -> 0.0011951389 | E11: =MAX(MAX(Variacion_vs_Libre!D174,Variacion_vs_Libre!D175,Variacion_vs_Libre!D176,Variacion_vs_Libre!D177,Variacion_vs_Libre!D178,Variacion_vs_Libre!D179,Variacion_vs_Libre!D180,Variacion_vs_Libre!D181,Variacion_vs_Libre!D182,Variacion_vs_Libre!D183,Variacion_vs_Libre!D184,Variacion_vs_Libre!D185,Variacion_vs_Libre!D186,Variacion_vs_Libre!D187,Variacion_vs_Libre!D188,Variacion_vs_Libre!D189,Variacion_vs_Libre!D190,Variacion_vs_Libre!D191),-MIN(Variacion_vs_Libre!D174,Variacion_vs_Libre!D175,Variacion_vs_Libre!D176,Variacion_vs_Libre!D177,Variacion_vs_Libre!D178,Variacion_vs_Libre!D179,Variacion_vs_Libre!D180,Variacion_vs_Libre!D181,Variacion_vs_Libre!D182,Variacion_vs_Libre!D183,Variacion_vs_Libre!D184,Variacion_vs_Libre!D185,Variacion_vs_Libre!D186,Variacion_vs_Libre!D187,Variacion_vs_Libre!D188,Variacion_vs_Libre!D189,Variacion_vs_Libre!D190,Variacion_vs_Libre!D191)) -> 0.0011951389 | F11: =AVERAGE(Variacion_vs_Libre!F174,Variacion_vs_Libre!F175,Variacion_vs_Libre!F176,Variacion_vs_Libre!F177,Variacion_vs_Libre!F178,Variacion_vs_Libre!F179,Variacion_vs_Libre!F180,Variacion_vs_Libre!F181,Variacion_vs_Libre!F182,Variacion_vs_Libre!F183,Variacion_vs_Libre!F184,Variacion_vs_Libre!F185,Variacion_vs_Libre!F186,Variacion_vs_Libre!F187,Variacion_vs_Libre!F188,Variacion_vs_Libre!F189,Variacion_vs_Libre!F190,Variacion_vs_Libre!F191) -> 0.00020137338 | G11: =STDEV(Variacion_vs_Libre!F174,Variacion_vs_Libre!F175,Variacion_vs_Libre!F176,Variacion_vs_Libre!F177,Variacion_vs_Libre!F178,Variacion_vs_Libre!F179,Variacion_vs_Libre!F180,Variacion_vs_Libre!F181,Variacion_vs_Libre!F182,Variacion_vs_Libre!F183,Variacion_vs_Libre!F184,Variacion_vs_Libre!F185,Variacion_vs_Libre!F186,Variacion_vs_Libre!F187,Variacion_vs_Libre!F188,Variacion_vs_Libre!F189,Variacion_vs_Libre!F190,Variacion_vs_Libre!F191) -> 0.00085435489 | H11: =MAX(Variacion_vs_Libre!F174,Variacion_vs_Libre!F175,Variacion_vs_Libre!F176,Variacion_vs_Libre!F177,Variacion_vs_Libre!F178,Variacion_vs_Libre!F179,Variacion_vs_Libre!F180,Variacion_vs_Libre!F181,Variacion_vs_Libre!F182,Variacion_vs_Libre!F183,Variacion_vs_Libre!F184,Variacion_vs_Libre!F185,Variacion_vs_Libre!F186,Variacion_vs_Libre!F187,Variacion_vs_Libre!F188,Variacion_vs_Libre!F189,Variacion_vs_Libre!F190,Variacion_vs_Libre!F191)-MIN(Variacion_vs_Libre!F174,Variacion_vs_Libre!F175,Variacion_vs_Libre!F176,Variacion_vs_Libre!F177,Variacion_vs_Libre!F178,Variacion_vs_Libre!F179,Variacion_vs_Libre!F180,Variacion_vs_Libre!F181,Variacion_vs_Libre!F182,Variacion_vs_Libre!F183,Variacion_vs_Libre!F184,Variacion_vs_Libre!F185,Variacion_vs_Libre!F186,Variacion_vs_Libre!F187,Variacion_vs_Libre!F188,Variacion_vs_Libre!F189,Variacion_vs_Libre!F190,Variacion_vs_Libre!F191) -> 0.0036247208 | I11: =MAX(MAX(Variacion_vs_Libre!F174,Variacion_vs_Libre!F175,Variacion_vs_Libre!F176,Variacion_vs_Libre!F177,Variacion_vs_Libre!F178,Variacion_vs_Libre!F179,Variacion_vs_Libre!F180,Variacion_vs_Libre!F181,Variacion_vs_Libre!F182,Variacion_vs_Libre!F183,Variacion_vs_Libre!F184,Variacion_vs_Libre!F185,Variacion_vs_Libre!F186,Variacion_vs_Libre!F187,Variacion_vs_Libre!F188,Variacion_vs_Libre!F189,Variacion_vs_Libre!F190,Variacion_vs_Libre!F191),-MIN(Variacion_vs_Libre!F174,Variacion_vs_Libre!F175,Variacion_vs_Libre!F176,Variacion_vs_Libre!F177,Variacion_vs_Libre!F178,Variacion_vs_Libre!F179,Variacion_vs_Libre!F180,Variacion_vs_Libre!F181,Variacion_vs_Libre!F182,Variacion_vs_Libre!F183,Variacion_vs_Libre!F184,Variacion_vs_Libre!F185,Variacion_vs_Libre!F186,Variacion_vs_Libre!F187,Variacion_vs_Libre!F188,Variacion_vs_Libre!F189,Variacion_vs_Libre!F190,Variacion_vs_Libre!F191)) -> 0.0036247208 | J11: =AVERAGE(Variacion_vs_Libre!H174,Variacion_vs_Libre!H175,Variacion_vs_Libre!H176,Variacion_vs_Libre!H177,Variacion_vs_Libre!H178,Variacion_vs_Libre!H179,Variacion_vs_Libre!H180,Variacion_vs_Libre!H181,Variacion_vs_Libre!H182,Variacion_vs_Libre!H183,Variacion_vs_Libre!H184,Variacion_vs_Libre!H185,Variacion_vs_Libre!H186,Variacion_vs_Libre!H187,Variacion_vs_Libre!H188,Variacion_vs_Libre!H189,Variacion_vs_Libre!H190,Variacion_vs_Libre!H191) -> -0.05684966 | K11: =STDEV(Variacion_vs_Libre!H174,Variacion_vs_Libre!H175,Variacion_vs_Libre!H176,Variacion_vs_Libre!H177,Variacion_vs_Libre!H178,Variacion_vs_Libre!H179,Variacion_vs_Libre!H180,Variacion_vs_Libre!H181,Variacion_vs_Libre!H182,Variacion_vs_Libre!H183,Variacion_vs_Libre!H184,Variacion_vs_Libre!H185,Variacion_vs_Libre!H186,Variacion_vs_Libre!H187,Variacion_vs_Libre!H188,Variacion_vs_Libre!H189,Variacion_vs_Libre!H190,Variacion_vs_Libre!H191) -> 0.082726407 | L11: =MAX(Variacion_vs_Libre!H174,Variacion_vs_Libre!H175,Variacion_vs_Libre!H176,Variacion_vs_Libre!H177,Variacion_vs_Libre!H178,Variacion_vs_Libre!H179,Variacion_vs_Libre!H180,Variacion_vs_Libre!H181,Variacion_vs_Libre!H182,Variacion_vs_Libre!H183,Variacion_vs_Libre!H184,Variacion_vs_Libre!H185,Variacion_vs_Libre!H186,Variacion_vs_Libre!H187,Variacion_vs_Libre!H188,Variacion_vs_Libre!H189,Variacion_vs_Libre!H190,Variacion_vs_Libre!H191)-MIN(Variacion_vs_Libre!H174,Variacion_vs_Libre!H175,Variacion_vs_Libre!H176,Variacion_vs_Libre!H177,Variacion_vs_Libre!H178,Variacion_vs_Libre!H179,Variacion_vs_Libre!H180,Variacion_vs_Libre!H181,Variacion_vs_Libre!H182,Variacion_vs_Libre!H183,Variacion_vs_Libre!H184,Variacion_vs_Libre!H185,Variacion_vs_Libre!H186,Variacion_vs_Libre!H187,Variacion_vs_Libre!H188,Variacion_vs_Libre!H189,Variacion_vs_Libre!H190,Variacion_vs_Libre!H191) -> 0.27060754 | M11: =MAX(MAX(Variacion_vs_Libre!H174,Variacion_vs_Libre!H175,Variacion_vs_Libre!H176,Variacion_vs_Libre!H177,Variacion_vs_Libre!H178,Variacion_vs_Libre!H179,Variacion_vs_Libre!H180,Variacion_vs_Libre!H181,Variacion_vs_Libre!H182,Variacion_vs_Libre!H183,Variacion_vs_Libre!H184,Variacion_vs_Libre!H185,Variacion_vs_Libre!H186,Variacion_vs_Libre!H187,Variacion_vs_Libre!H188,Variacion_vs_Libre!H189,Variacion_vs_Libre!H190,Variacion_vs_Libre!H191),-MIN(Variacion_vs_Libre!H174,Variacion_vs_Libre!H175,Variacion_vs_Libre!H176,Variacion_vs_Libre!H177,Variacion_vs_Libre!H178,Variacion_vs_Libre!H179,Variacion_vs_Libre!H180,Variacion_vs_Libre!H181,Variacion_vs_Libre!H182,Variacion_vs_Libre!H183,Variacion_vs_Libre!H184,Variacion_vs_Libre!H185,Variacion_vs_Libre!H186,Variacion_vs_Libre!H187,Variacion_vs_Libre!H188,Variacion_vs_Libre!H189,Variacion_vs_Libre!H190,Variacion_vs_Libre!H191)) -> 0.27060754 | N11: =AVERAGE(Variacion_vs_Libre!L174,Variacion_vs_Libre!L175,Variacion_vs_Libre!L176,Variacion_vs_Libre!L177,Variacion_vs_Libre!L178,Variacion_vs_Libre!L179,Variacion_vs_Libre!L180,Variacion_vs_Libre!L181,Variacion_vs_Libre!L182,Variacion_vs_Libre!L183,Variacion_vs_Libre!L184,Variacion_vs_Libre!L185,Variacion_vs_Libre!L186,Variacion_vs_Libre!L187,Variacion_vs_Libre!L188,Variacion_vs_Libre!L189,Variacion_vs_Libre!L190,Variacion_vs_Libre!L191) -> 0.11005312 | O11: =STDEV(Variacion_vs_Libre!L174,Variacion_vs_Libre!L175,Variacion_vs_Libre!L176,Variacion_vs_Libre!L177,Variacion_vs_Libre!L178,Variacion_vs_Libre!L179,Variacion_vs_Libre!L180,Variacion_vs_Libre!L181,Variacion_vs_Libre!L182,Variacion_vs_Libre!L183,Variacion_vs_Libre!L184,Variacion_vs_Libre!L185,Variacion_vs_Libre!L186,Variacion_vs_Libre!L187,Variacion_vs_Libre!L188,Variacion_vs_Libre!L189,Variacion_vs_Libre!L190,Variacion_vs_Libre!L191) -> 0.14041402 | P11: =MAX(Variacion_vs_Libre!L174,Variacion_vs_Libre!L175,Variacion_vs_Libre!L176,Variacion_vs_Libre!L177,Variacion_vs_Libre!L178,Variacion_vs_Libre!L179,Variacion_vs_Libre!L180,Variacion_vs_Libre!L181,Variacion_vs_Libre!L182,Variacion_vs_Libre!L183,Variacion_vs_Libre!L184,Variacion_vs_Libre!L185,Variacion_vs_Libre!L186,Variacion_vs_Libre!L187,Variacion_vs_Libre!L188,Variacion_vs_Libre!L189,Variacion_vs_Libre!L190,Variacion_vs_Libre!L191)-MIN(Variacion_vs_Libre!L174,Variacion_vs_Libre!L175,Variacion_vs_Libre!L176,Variacion_vs_Libre!L177,Variacion_vs_Libre!L178,Variacion_vs_Libre!L179,Variacion_vs_Libre!L180,Variacion_vs_Libre!L181,Variacion_vs_Libre!L182,Variacion_vs_Libre!L183,Variacion_vs_Libre!L184,Variacion_vs_Libre!L185,Variacion_vs_Libre!L186,Variacion_vs_Libre!L187,Variacion_vs_Libre!L188,Variacion_vs_Libre!L189,Variacion_vs_Libre!L190,Variacion_vs_Libre!L191) -> 0.42297231 | Q11: =MAX(MAX(Variacion_vs_Libre!L174,Variacion_vs_Libre!L175,Variacion_vs_Libre!L176,Variacion_vs_Libre!L177,Variacion_vs_Libre!L178,Variacion_vs_Libre!L179,Variacion_vs_Libre!L180,Variacion_vs_Libre!L181,Variacion_vs_Libre!L182,Variacion_vs_Libre!L183,Variacion_vs_Libre!L184,Variacion_vs_Libre!L185,Variacion_vs_Libre!L186,Variacion_vs_Libre!L187,Variacion_vs_Libre!L188,Variacion_vs_Libre!L189,Variacion_vs_Libre!L190,Variacion_vs_Libre!L191),-MIN(Variacion_vs_Libre!L174,Variacion_vs_Libre!L175,Variacion_vs_Libre!L176,Variacion_vs_Libre!L177,Variacion_vs_Libre!L178,Variacion_vs_Libre!L179,Variacion_vs_Libre!L180,Variacion_vs_Libre!L181,Variacion_vs_Libre!L182,Variacion_vs_Libre!L183,Variacion_vs_Libre!L184,Variacion_vs_Libre!L185,Variacion_vs_Libre!L186,Variacion_vs_Libre!L187,Variacion_vs_Libre!L188,Variacion_vs_Libre!L189,Variacion_vs_Libre!L190,Variacion_vs_Libre!L191)) -> 0.37609593
A12: 231000 | B12: =AVERAGE(Variacion_vs_Libre!D193,Variacion_vs_Libre!D194,Variacion_vs_Libre!D195,Variacion_vs_Libre!D196,Variacion_vs_Libre!D197,Variacion_vs_Libre!D198,Variacion_vs_Libre!D199,Variacion_vs_Libre!D200,Variacion_vs_Libre!D201,Variacion_vs_Libre!D202,Variacion_vs_Libre!D203,Variacion_vs_Libre!D204,Variacion_vs_Libre!D205,Variacion_vs_Libre!D206,Variacion_vs_Libre!D207,Variacion_vs_Libre!D208,Variacion_vs_Libre!D209,Variacion_vs_Libre!D210) -> -3.0954835e-06 | C12: =STDEV(Variacion_vs_Libre!D193,Variacion_vs_Libre!D194,Variacion_vs_Libre!D195,Variacion_vs_Libre!D196,Variacion_vs_Libre!D197,Variacion_vs_Libre!D198,Variacion_vs_Libre!D199,Variacion_vs_Libre!D200,Variacion_vs_Libre!D201,Variacion_vs_Libre!D202,Variacion_vs_Libre!D203,Variacion_vs_Libre!D204,Variacion_vs_Libre!D205,Variacion_vs_Libre!D206,Variacion_vs_Libre!D207,Variacion_vs_Libre!D208,Variacion_vs_Libre!D209,Variacion_vs_Libre!D210) -> 1.3133024e-05 | D12: =MAX(Variacion_vs_Libre!D193,Variacion_vs_Libre!D194,Variacion_vs_Libre!D195,Variacion_vs_Libre!D196,Variacion_vs_Libre!D197,Variacion_vs_Libre!D198,Variacion_vs_Libre!D199,Variacion_vs_Libre!D200,Variacion_vs_Libre!D201,Variacion_vs_Libre!D202,Variacion_vs_Libre!D203,Variacion_vs_Libre!D204,Variacion_vs_Libre!D205,Variacion_vs_Libre!D206,Variacion_vs_Libre!D207,Variacion_vs_Libre!D208,Variacion_vs_Libre!D209,Variacion_vs_Libre!D210)-MIN(Variacion_vs_Libre!D193,Variacion_vs_Libre!D194,Variacion_vs_Libre!D195,Variacion_vs_Libre!D196,Variacion_vs_Libre!D197,Variacion_vs_Libre!D198,Variacion_vs_Libre!D199,Variacion_vs_Libre!D200,Variacion_vs_Libre!D201,Variacion_vs_Libre!D202,Variacion_vs_Libre!D203,Variacion_vs_Libre!D204,Variacion_vs_Libre!D205,Variacion_vs_Libre!D206,Variacion_vs_Libre!D207,Variacion_vs_Libre!D208,Variacion_vs_Libre!D209,Variacion_vs_Libre!D210) -> 5.5718703e-05 | E12: =MAX(MAX(Variacion_vs_Libre!D193,Variacion_vs_Libre!D194,Variacion_vs_Libre!D195,Variacion_vs_Libre!D196,Variacion_vs_Libre!D197,Variacion_vs_Libre!D198,Variacion_vs_Libre!D199,Variacion_vs_Libre!D200,Variacion_vs_Libre!D201,Variacion_vs_Libre!D202,Variacion_vs_Libre!D203,Variacion_vs_Libre!D204,Variacion_vs_Libre!D205,Variacion_vs_Libre!D206,Variacion_vs_Libre!D207,Variacion_vs_Libre!D208,Variacion_vs_Libre!D209,Variacion_vs_Libre!D210),-MIN(Variacion_vs_Libre!D193,Variacion_vs_Libre!D194,Variacion_vs_Libre!D195,Variacion_vs_Libre!D196,Variacion_vs_Libre!D197,Variacion_vs_Libre!D198,Variacion_vs_Libre!D199,Variacion_vs_Libre!D200,Variacion_vs_Libre!D201,Variacion_vs_Libre!D202,Variacion_vs_Libre!D203,Variacion_vs_Libre!D204,Variacion_vs_Libre!D205,Variacion_vs_Libre!D206,Variacion_vs_Libre!D207,Variacion_vs_Libre!D208,Variacion_vs_Libre!D209,Variacion_vs_Libre!D210)) -> 5.5718703e-05 | F12: =AVERAGE(Variacion_vs_Libre!F193,Variacion_vs_Libre!F194,Variacion_vs_Libre!F195,Variacion_vs_Libre!F196,Variacion_vs_Libre!F197,Variacion_vs_Libre!F198,Variacion_vs_Libre!F199,Variacion_vs_Libre!F200,Variacion_vs_Libre!F201,Variacion_vs_Libre!F202,Variacion_vs_Libre!F203,Variacion_vs_Libre!F204,Variacion_vs_Libre!F205,Variacion_vs_Libre!F206,Variacion_vs_Libre!F207,Variacion_vs_Libre!F208,Variacion_vs_Libre!F209,Variacion_vs_Libre!F210) -> 1.0648838e-05 | G12: =STDEV(Variacion_vs_Libre!F193,Variacion_vs_Libre!F194,Variacion_vs_Libre!F195,Variacion_vs_Libre!F196,Variacion_vs_Libre!F197,Variacion_vs_Libre!F198,Variacion_vs_Libre!F199,Variacion_vs_Libre!F200,Variacion_vs_Libre!F201,Variacion_vs_Libre!F202,Variacion_vs_Libre!F203,Variacion_vs_Libre!F204,Variacion_vs_Libre!F205,Variacion_vs_Libre!F206,Variacion_vs_Libre!F207,Variacion_vs_Libre!F208,Variacion_vs_Libre!F209,Variacion_vs_Libre!F210) -> 4.5179193e-05 | H12: =MAX(Variacion_vs_Libre!F193,Variacion_vs_Libre!F194,Variacion_vs_Libre!F195,Variacion_vs_Libre!F196,Variacion_vs_Libre!F197,Variacion_vs_Libre!F198,Variacion_vs_Libre!F199,Variacion_vs_Libre!F200,Variacion_vs_Libre!F201,Variacion_vs_Libre!F202,Variacion_vs_Libre!F203,Variacion_vs_Libre!F204,Variacion_vs_Libre!F205,Variacion_vs_Libre!F206,Variacion_vs_Libre!F207,Variacion_vs_Libre!F208,Variacion_vs_Libre!F209,Variacion_vs_Libre!F210)-MIN(Variacion_vs_Libre!F193,Variacion_vs_Libre!F194,Variacion_vs_Libre!F195,Variacion_vs_Libre!F196,Variacion_vs_Libre!F197,Variacion_vs_Libre!F198,Variacion_vs_Libre!F199,Variacion_vs_Libre!F200,Variacion_vs_Libre!F201,Variacion_vs_Libre!F202,Variacion_vs_Libre!F203,Variacion_vs_Libre!F204,Variacion_vs_Libre!F205,Variacion_vs_Libre!F206,Variacion_vs_Libre!F207,Variacion_vs_Libre!F208,Variacion_vs_Libre!F209,Variacion_vs_Libre!F210) -> 0.00019167908 | I12: =MAX(MAX(Variacion_vs_Libre!F193,Variacion_vs_Libre!F194,Variacion_vs_Libre!F195,Variacion_vs_Libre!F196,Variacion_vs_Libre!F197,Variacion_vs_Libre!F198,Variacion_vs_Libre!F199,Variacion_vs_Libre!F200,Variacion_vs_Libre!F201,Variacion_vs_Libre!F202,Variacion_vs_Libre!F203,Variacion_vs_Libre!F204,Variacion_vs_Libre!F205,Variacion_vs_Libre!F206,Variacion_vs_Libre!F207,Variacion_vs_Libre!F208,Variacion_vs_Libre!F209,Variacion_vs_Libre!F210),-MIN(Variacion_vs_Libre!F193,Variacion_vs_Libre!F194,Variacion_vs_Libre!F195,Variacion_vs_Libre!F196,Variacion_vs_Libre!F197,Variacion_vs_Libre!F198,Variacion_vs_Libre!F199,Variacion_vs_Libre!F200,Variacion_vs_Libre!F201,Variacion_vs_Libre!F202,Variacion_vs_Libre!F203,Variacion_vs_Libre!F204,Variacion_vs_Libre!F205,Variacion_vs_Libre!F206,Variacion_vs_Libre!F207,Variacion_vs_Libre!F208,Variacion_vs_Libre!F209,Variacion_vs_Libre!F210)) -> 0.00019167908 | J12: =AVERAGE(Variacion_vs_Libre!H193,Variacion_vs_Libre!H194,Variacion_vs_Libre!H195,Variacion_vs_Libre!H196,Variacion_vs_Libre!H197,Variacion_vs_Libre!H198,Variacion_vs_Libre!H199,Variacion_vs_Libre!H200,Variacion_vs_Libre!H201,Variacion_vs_Libre!H202,Variacion_vs_Libre!H203,Variacion_vs_Libre!H204,Variacion_vs_Libre!H205,Variacion_vs_Libre!H206,Variacion_vs_Libre!H207,Variacion_vs_Libre!H208,Variacion_vs_Libre!H209,Variacion_vs_Libre!H210) -> -0.059447122 | K12: =STDEV(Variacion_vs_Libre!H193,Variacion_vs_Libre!H194,Variacion_vs_Libre!H195,Variacion_vs_Libre!H196,Variacion_vs_Libre!H197,Variacion_vs_Libre!H198,Variacion_vs_Libre!H199,Variacion_vs_Libre!H200,Variacion_vs_Libre!H201,Variacion_vs_Libre!H202,Variacion_vs_Libre!H203,Variacion_vs_Libre!H204,Variacion_vs_Libre!H205,Variacion_vs_Libre!H206,Variacion_vs_Libre!H207,Variacion_vs_Libre!H208,Variacion_vs_Libre!H209,Variacion_vs_Libre!H210) -> 0.083790509 | L12: =MAX(Variacion_vs_Libre!H193,Variacion_vs_Libre!H194,Variacion_vs_Libre!H195,Variacion_vs_Libre!H196,Variacion_vs_Libre!H197,Variacion_vs_Libre!H198,Variacion_vs_Libre!H199,Variacion_vs_Libre!H200,Variacion_vs_Libre!H201,Variacion_vs_Libre!H202,Variacion_vs_Libre!H203,Variacion_vs_Libre!H204,Variacion_vs_Libre!H205,Variacion_vs_Libre!H206,Variacion_vs_Libre!H207,Variacion_vs_Libre!H208,Variacion_vs_Libre!H209,Variacion_vs_Libre!H210)-MIN(Variacion_vs_Libre!H193,Variacion_vs_Libre!H194,Variacion_vs_Libre!H195,Variacion_vs_Libre!H196,Variacion_vs_Libre!H197,Variacion_vs_Libre!H198,Variacion_vs_Libre!H199,Variacion_vs_Libre!H200,Variacion_vs_Libre!H201,Variacion_vs_Libre!H202,Variacion_vs_Libre!H203,Variacion_vs_Libre!H204,Variacion_vs_Libre!H205,Variacion_vs_Libre!H206,Variacion_vs_Libre!H207,Variacion_vs_Libre!H208,Variacion_vs_Libre!H209,Variacion_vs_Libre!H210) -> 0.27627122 | M12: =MAX(MAX(Variacion_vs_Libre!H193,Variacion_vs_Libre!H194,Variacion_vs_Libre!H195,Variacion_vs_Libre!H196,Variacion_vs_Libre!H197,Variacion_vs_Libre!H198,Variacion_vs_Libre!H199,Variacion_vs_Libre!H200,Variacion_vs_Libre!H201,Variacion_vs_Libre!H202,Variacion_vs_Libre!H203,Variacion_vs_Libre!H204,Variacion_vs_Libre!H205,Variacion_vs_Libre!H206,Variacion_vs_Libre!H207,Variacion_vs_Libre!H208,Variacion_vs_Libre!H209,Variacion_vs_Libre!H210),-MIN(Variacion_vs_Libre!H193,Variacion_vs_Libre!H194,Variacion_vs_Libre!H195,Variacion_vs_Libre!H196,Variacion_vs_Libre!H197,Variacion_vs_Libre!H198,Variacion_vs_Libre!H199,Variacion_vs_Libre!H200,Variacion_vs_Libre!H201,Variacion_vs_Libre!H202,Variacion_vs_Libre!H203,Variacion_vs_Libre!H204,Variacion_vs_Libre!H205,Variacion_vs_Libre!H206,Variacion_vs_Libre!H207,Variacion_vs_Libre!H208,Variacion_vs_Libre!H209,Variacion_vs_Libre!H210)) -> 0.27627122 | N12: =AVERAGE(Variacion_vs_Libre!L193,Variacion_vs_Libre!L194,Variacion_vs_Libre!L195,Variacion_vs_Libre!L196,Variacion_vs_Libre!L197,Variacion_vs_Libre!L198,Variacion_vs_Libre!L199,Variacion_vs_Libre!L200,Variacion_vs_Libre!L201,Variacion_vs_Libre!L202,Variacion_vs_Libre!L203,Variacion_vs_Libre!L204,Variacion_vs_Libre!L205,Variacion_vs_Libre!L206,Variacion_vs_Libre!L207,Variacion_vs_Libre!L208,Variacion_vs_Libre!L209,Variacion_vs_Libre!L210) -> 0.14906636 | O12: =STDEV(Variacion_vs_Libre!L193,Variacion_vs_Libre!L194,Variacion_vs_Libre!L195,Variacion_vs_Libre!L196,Variacion_vs_Libre!L197,Variacion_vs_Libre!L198,Variacion_vs_Libre!L199,Variacion_vs_Libre!L200,Variacion_vs_Libre!L201,Variacion_vs_Libre!L202,Variacion_vs_Libre!L203,Variacion_vs_Libre!L204,Variacion_vs_Libre!L205,Variacion_vs_Libre!L206,Variacion_vs_Libre!L207,Variacion_vs_Libre!L208,Variacion_vs_Libre!L209,Variacion_vs_Libre!L210) -> 0.15307364 | P12: =MAX(Variacion_vs_Libre!L193,Variacion_vs_Libre!L194,Variacion_vs_Libre!L195,Variacion_vs_Libre!L196,Variacion_vs_Libre!L197,Variacion_vs_Libre!L198,Variacion_vs_Libre!L199,Variacion_vs_Libre!L200,Variacion_vs_Libre!L201,Variacion_vs_Libre!L202,Variacion_vs_Libre!L203,Variacion_vs_Libre!L204,Variacion_vs_Libre!L205,Variacion_vs_Libre!L206,Variacion_vs_Libre!L207,Variacion_vs_Libre!L208,Variacion_vs_Libre!L209,Variacion_vs_Libre!L210)-MIN(Variacion_vs_Libre!L193,Variacion_vs_Libre!L194,Variacion_vs_Libre!L195,Variacion_vs_Libre!L196,Variacion_vs_Libre!L197,Variacion_vs_Libre!L198,Variacion_vs_Libre!L199,Variacion_vs_Libre!L200,Variacion_vs_Libre!L201,Variacion_vs_Libre!L202,Variacion_vs_Libre!L203,Variacion_vs_Libre!L204,Variacion_vs_Libre!L205,Variacion_vs_Libre!L206,Variacion_vs_Libre!L207,Variacion_vs_Libre!L208,Variacion_vs_Libre!L209,Variacion_vs_Libre!L210) -> 0.46345658 | Q12: =MAX(MAX(Variacion_vs_Libre!L193,Variacion_vs_Libre!L194,Variacion_vs_Libre!L195,Variacion_vs_Libre!L196,Variacion_vs_Libre!L197,Variacion_vs_Libre!L198,Variacion_vs_Libre!L199,Variacion_vs_Libre!L200,Variacion_vs_Libre!L201,Variacion_vs_Libre!L202,Variacion_vs_Libre!L203,Variacion_vs_Libre!L204,Variacion_vs_Libre!L205,Variacion_vs_Libre!L206,Variacion_vs_Libre!L207,Variacion_vs_Libre!L208,Variacion_vs_Libre!L209,Variacion_vs_Libre!L210),-MIN(Variacion_vs_Libre!L193,Variacion_vs_Libre!L194,Variacion_vs_Libre!L195,Variacion_vs_Libre!L196,Variacion_vs_Libre!L197,Variacion_vs_Libre!L198,Variacion_vs_Libre!L199,Variacion_vs_Libre!L200,Variacion_vs_Libre!L201,Variacion_vs_Libre!L202,Variacion_vs_Libre!L203,Variacion_vs_Libre!L204,Variacion_vs_Libre!L205,Variacion_vs_Libre!L206,Variacion_vs_Libre!L207,Variacion_vs_Libre!L208,Variacion_vs_Libre!L209,Variacion_vs_Libre!L210)) -> 0.43743425

Sheet Estadistica_por_Posicion
A1: Re | B1: Promedio %var Cl_max | C1: DesvEst %var Cl_max | D1: Rango %var Cl_max | E1: Máx |%var| Cl_max | F1: Promedio %var Cd@Clmax | G1: DesvEst %var Cd@Clmax | H1: Rango %var Cd@Clmax | I1: Máx |%var| Cd@Clmax | J1: Promedio %var Cl/Cd_max | K1: DesvEst %var Cl/Cd_max | L1: Rango %var Cl/Cd_max | M1: Máx |%var| Cl/Cd_max | N1: Promedio %var Cd@Cl=0.50 | O1: DesvEst %var Cd@Cl=0.50 | P1: Rango %var Cd@Cl=0.50 | Q1: Máx |%var| Cd@Cl=0.50
A2: 5% | B2: =AVERAGE(Variacion_vs_Libre!D3,Variacion_vs_Libre!D22,Variacion_vs_Libre!D41,Variacion_vs_Libre!D60,Variacion_vs_Libre!D79,Variacion_vs_Libre!D98,Variacion_vs_Libre!D117,Variacion_vs_Libre!D136,Variacion_vs_Libre!D155,Variacion_vs_Libre!D174,Variacion_vs_Libre!D193) -> -0.043511367 | C2: =STDEV(Variacion_vs_Libre!D3,Variacion_vs_Libre!D22,Variacion_vs_Libre!D41,Variacion_vs_Libre!D60,Variacion_vs_Libre!D79,Variacion_vs_Libre!D98,Variacion_vs_Libre!D117,Variacion_vs_Libre!D136,Variacion_vs_Libre!D155,Variacion_vs_Libre!D174,Variacion_vs_Libre!D193) -> 0.051659756 | D2: =MAX(Variacion_vs_Libre!D3,Variacion_vs_Libre!D22,Variacion_vs_Libre!D41,Variacion_vs_Libre!D60,Variacion_vs_Libre!D79,Variacion_vs_Libre!D98,Variacion_vs_Libre!D117,Variacion_vs_Libre!D136,Variacion_vs_Libre!D155,Variacion_vs_Libre!D174,Variacion_vs_Libre!D193)-MIN(Variacion_vs_Libre!D3,Variacion_vs_Libre!D22,Variacion_vs_Libre!D41,Variacion_vs_Libre!D60,Variacion_vs_Libre!D79,Variacion_vs_Libre!D98,Variacion_vs_Libre!D117,Variacion_vs_Libre!D136,Variacion_vs_Libre!D155,Variacion_vs_Libre!D174,Variacion_vs_Libre!D193) -> 0.14336057 | E2: =MAX(MAX(Variacion_vs_Libre!D3,Variacion_vs_Libre!D22,Variacion_vs_Libre!D41,Variacion_vs_Libre!D60,Variacion_vs_Libre!D79,Variacion_vs_Libre!D98,Variacion_vs_Libre!D117,Variacion_vs_Libre!D136,Variacion_vs_Libre!D155,Variacion_vs_Libre!D174,Variacion_vs_Libre!D193),-MIN(Variacion_vs_Libre!D3,Variacion_vs_Libre!D22,Variacion_vs_Libre!D41,Variacion_vs_Libre!D60,Variacion_vs_Libre!D79,Variacion_vs_Libre!D98,Variacion_vs_Libre!D117,Variacion_vs_Libre!D136,Variacion_vs_Libre!D155,Variacion_vs_Libre!D174,Variacion_vs_Libre!D193)) -> 0.14341629 | F2: =AVERAGE(Variacion_vs_Libre!F3,Variacion_vs_Libre!F22,Variacion_vs_Libre!F41,Variacion_vs_Libre!F60,Variacion_vs_Libre!F79,Variacion_vs_Libre!F98,Variacion_vs_Libre!F117,Variacion_vs_Libre!F136,Variacion_vs_Libre!F155,Variacion_vs_Libre!F174,Variacion_vs_Libre!F193) -> 0.35843462 | G2: =STDEV(Variacion_vs_Libre!F3,Variacion_vs_Libre!F22,Variacion_vs_Libre!F41,Variacion_vs_Libre!F60,Variacion_vs_Libre!F79,Variacion_vs_Libre!F98,Variacion_vs_Libre!F117,Variacion_vs_Libre!F136,Variacion_vs_Libre!F155,Variacion_vs_Libre!F174,Variacion_vs_Libre!F193) -> 0.3598245 | H2: =MAX(Variacion_vs_Libre!F3,Variacion_vs_Libre!F22,Variacion_vs_Libre!F41,Variacion_vs_Libre!F60,Variacion_vs_Libre!F79,Variacion_vs_Libre!F98,Variacion_vs_Libre!F117,Variacion_vs_Libre!F136,Variacion_vs_Libre!F155,Variacion_vs_Libre!F174,Variacion_vs_Libre!F193)-MIN(Variacion_vs_Libre!F3,Variacion_vs_Libre!F22,Variacion_vs_Libre!F41,Variacion_vs_Libre!F60,Variacion_vs_Libre!F79,Variacion_vs_Libre!F98,Variacion_vs_Libre!F117,Variacion_vs_Libre!F136,Variacion_vs_Libre!F155,Variacion_vs_Libre!F174,Variacion_vs_Libre!F193) -> 1.2854496 | I2: =MAX(MAX(Variacion_vs_Libre!F3,Variacion_vs_Libre!F22,Variacion_vs_Libre!F41,Variacion_vs_Libre!F60,Variacion_vs_Libre!F79,Variacion_vs_Libre!F98,Variacion_vs_Libre!F117,Variacion_vs_Libre!F136,Variacion_vs_Libre!F155,Variacion_vs_Libre!F174,Variacion_vs_Libre!F193),-MIN(Variacion_vs_Libre!F3,Variacion_vs_Libre!F22,Variacion_vs_Libre!F41,Variacion_vs_Libre!F60,Variacion_vs_Libre!F79,Variacion_vs_Libre!F98,Variacion_vs_Libre!F117,Variacion_vs_Libre!F136,Variacion_vs_Libre!F155,Variacion_vs_Libre!F174,Variacion_vs_Libre!F193)) -> 1.2856413 | J2: =AVERAGE(Variacion_vs_Libre!H3,Variacion_vs_Libre!H22,Variacion_vs_Libre!H41,Variacion_vs_Libre!H60,Variacion_vs_Libre!H79,Variacion_vs_Libre!H98,Variacion_vs_Libre!H117,Variacion_vs_Libre!H136,Variacion_vs_Libre!H155,Variacion_vs_Libre!H174,Variacion_vs_Libre!H193) -> -0.23172053 | K2: =STDEV(Variacion_vs_Libre!H3,Variacion_vs_Libre!H22,Variacion_vs_Libre!H41,Variacion_vs_Libre!H60,Variacion_vs_Libre!H79,Variacion_vs_Libre!H98,Variacion_vs_Libre!H117,Variacion_vs_Libre!H136,Variacion_vs_Libre!H155,Variacion_vs_Libre!H174,Variacion_vs_Libre!H193) -> 0.032243093 | L2: =MAX(Variacion_vs_Libre!H3,Variacion_vs_Libre!H22,Variacion_vs_Libre!H41,Variacion_vs_Libre!H60,Variacion_vs_Libre!H79,Variacion_vs_Libre!H98,Variacion_vs_Libre!H117,Variacion_vs_Libre!H136,Variacion_vs_Libre!H155,Variacion_vs_Libre!H174,Variacion_vs_Libre!H193)-MIN(Variacion_vs_Libre!H3,Variacion_vs_Libre!H22,Variacion_vs_Libre!H41,Variacion_vs_Libre!H60,Variacion_vs_Libre!H79,Variacion_vs_Libre!H98,Variacion_vs_Libre!H117,Variacion_vs_Libre!H136,Variacion_vs_Libre!H155,Variacion_vs_Libre!H174,Variacion_vs_Libre!H193) -> 0.099134421 | M2: =MAX(MAX(Variacion_vs_Libre!H3,Variacion_vs_Libre!H22,Variacion_vs_Libre!H41,Variacion_vs_Libre!H60,Variacion_vs_Libre!H79,Variacion_vs_Libre!H98,Variacion_vs_Libre!H117,Variacion_vs_Libre!H136,Variacion_vs_Libre!H155,Variacion_vs_Libre!H174,Variacion_vs_Libre!H193),-MIN(Variacion_vs_Libre!H3,Variacion_vs_Libre!H22,Variacion_vs_Libre!H41,Variacion_vs_Libre!H60,Variacion_vs_Libre!H79,Variacion_vs_Libre!H98,Variacion_vs_Libre!H117,Variacion_vs_Libre!H136,Variacion_vs_Libre!H155,Variacion_vs_Libre!H174,Variacion_vs_Libre!H193)) -> 0.27627122 | N2: =AVERAGE(Variacion_vs_Libre!L3,Variacion_vs_Libre!L22,Variacion_vs_Libre!L41,Variacion_vs_Libre!L60,Variacion_vs_Libre!L79,Variacion_vs_Libre!L98,Variacion_vs_Libre!L117,Variacion_vs_Libre!L136,Variacion_vs_Libre!L155,Variacion_vs_Libre!L174,Variacion_vs_Libre!L193) -> 0.06667475 | O2: =STDEV(Variacion_vs_Libre!L3,Variacion_vs_Libre!L22,Variacion_vs_Libre!L41,Variacion_vs_Libre!L60,Variacion_vs_Libre!L79,Variacion_vs_Libre!L98,Variacion_vs_Libre!L117,Variacion_vs_Libre!L136,Variacion_vs_Libre!L155,Variacion_vs_Libre!L174,Variacion_vs_Libre!L193) -> 0.2359397 | P2: =MAX(Variacion_vs_Libre!L3,Variacion_vs_Libre!L22,Variacion_vs_Libre!L41,Variacion_vs_Libre!L60,Variacion_vs_Libre!L79,Variacion_vs_Libre!L98,Variacion_vs_Libre!L117,Variacion_vs_Libre!L136,Variacion_vs_Libre!L155,Variacion_vs_Libre!L174,Variacion_vs_Libre!L193)-MIN(Variacion_vs_Libre!L3,Variacion_vs_Libre!L22,Variacion_vs_Libre!L41,Variacion_vs_Libre!L60,Variacion_vs_Libre!L79,Variacion_vs_Libre!L98,Variacion_vs_Libre!L117,Variacion_vs_Libre!L136,Variacion_vs_Libre!L155,Variacion_vs_Libre!L174,Variacion_vs_Libre!L193) -> 0.69003475 | Q2: =MAX(MAX(Variacion_vs_Libre!L3,Variacion_vs_Libre!L22,Variacion_vs_Libre!L41,Variacion_vs_Libre!L60,Variacion_vs_Libre!L79,Variacion_vs_Libre!L98,Variacion_vs_Libre!L117,Variacion_vs_Libre!L136,Variacion_vs_Libre!L155,Variacion_vs_Libre!L174,Variacion_vs_Libre!L193),-MIN(Variacion_vs_Libre!L3,Variacion_vs_Libre!L22,Variacion_vs_Libre!L41,Variacion_vs_Libre!L60,Variacion_vs_Libre!L79,Variacion_vs_Libre!L98,Variacion_vs_Libre!L117,Variacion_vs_Libre!L136,Variacion_vs_Libre!L155,Variacion_vs_Libre!L174,Variacion_vs_Libre!L193)) -> 0.43743425
A3: 10% | B3: =AVERAGE(Variacion_vs_Libre!D4,Variacion_vs_Libre!D23,Variacion_vs_Libre!D42,Variacion_vs_Libre!D61,Variacion_vs_Libre!D80,Variacion_vs_Libre!D99,Variacion_vs_Libre!D118,Variacion_vs_Libre!D137,Variacion_vs_Libre!D156,Variacion_vs_Libre!D175,Variacion_vs_Libre!D194) -> -0.019152734 | C3: =STDEV(Variacion_vs_Libre!D4,Variacion_vs_Libre!D23,Variacion_vs_Libre!D42,Variacion_vs_Libre!D61,Variacion_vs_Libre!D80,Variacion_vs_Libre!D99,Variacion_vs_Libre!D118,Variacion_vs_Libre!D137,Variacion_vs_Libre!D156,Variacion_vs_Libre!D175,Variacion_vs_Libre!D194) -> 0.023438272 | D3: =MAX(Variacion_vs_Libre!D4,Variacion_vs_Libre!D23,Variacion_vs_Libre!D42,Variacion_vs_Libre!D61,Variacion_vs_Libre!D80,Variacion_vs_Libre!D99,Variacion_vs_Libre!D118,Variacion_vs_Libre!D137,Variacion_vs_Libre!D156,Variacion_vs_Libre!D175,Variacion_vs_Libre!D194)-MIN(Variacion_vs_Libre!D4,Variacion_vs_Libre!D23,Variacion_vs_Libre!D42,Variacion_vs_Libre!D61,Variacion_vs_Libre!D80,Variacion_vs_Libre!D99,Variacion_vs_Libre!D118,Variacion_vs_Libre!D137,Variacion_vs_Libre!D156,Variacion_vs_Libre!D175,Variacion_vs_Libre!D194) -> 0.060526566 | E3: =MAX(MAX(Variacion_vs_Libre!D4,Variacion_vs_Libre!D23,Variacion_vs_Libre!D42,Variacion_vs_Libre!D61,Variacion_vs_Libre!D80,Variacion_vs_Libre!D99,Variacion_vs_Libre!D118,Variacion_vs_Libre!D137,Variacion_vs_Libre!D156,Variacion_vs_Libre!D175,Variacion_vs_Libre!D194),-MIN(Variacion_vs_Libre!D4,Variacion_vs_Libre!D23,Variacion_vs_Libre!D42,Variacion_vs_Libre!D61,Variacion_vs_Libre!D80,Variacion_vs_Libre!D99,Variacion_vs_Libre!D118,Variacion_vs_Libre!D137,Variacion_vs_Libre!D156,Variacion_vs_Libre!D175,Variacion_vs_Libre!D194)) -> 0.060526566 | F3: =AVERAGE(Variacion_vs_Libre!F4,Variacion_vs_Libre!F23,Variacion_vs_Libre!F42,Variacion_vs_Libre!F61,Variacion_vs_Libre!F80,Variacion_vs_Libre!F99,Variacion_vs_Libre!F118,Variacion_vs_Libre!F137,Variacion_vs_Libre!F156,Variacion_vs_Libre!F175,Variacion_vs_Libre!F194) -> 0.24481029 | G3: =STDEV(Variacion_vs_Libre!F4,Variacion_vs_Libre!F23,Variacion_vs_Libre!F42,Variacion_vs_Libre!F61,Variacion_vs_Libre!F80,Variacion_vs_Libre!F99,Variacion_vs_Libre!F118,Variacion_vs_Libre!F137,Variacion_vs_Libre!F156,Variacion_vs_Libre!F175,Variacion_vs_Libre!F194) -> 0.26837474 | H3: =MAX(Variacion_vs_Libre!F4,Variacion_vs_Libre!F23,Variacion_vs_Libre!F42,Variacion_vs_Libre!F61,Variacion_vs_Libre!F80,Variacion_vs_Libre!F99,Variacion_vs_Libre!F118,Variacion_vs_Libre!F137,Variacion_vs_Libre!F156,Variacion_vs_Libre!F175,Variacion_vs_Libre!F194)-MIN(Variacion_vs_Libre!F4,Variacion_vs_Libre!F23,Variacion_vs_Libre!F42,Variacion_vs_Libre!F61,Variacion_vs_Libre!F80,Variacion_vs_Libre!F99,Variacion_vs_Libre!F118,Variacion_vs_Libre!F137,Variacion_vs_Libre!F156,Variacion_vs_Libre!F175,Variacion_vs_Libre!F194) -> 0.65253865 | I3: =MAX(MAX(Variacion_vs_Libre!F4,Variacion_vs_Libre!F23,Variacion_vs_Libre!F42,Variacion_vs_Libre!F61,Variacion_vs_Libre!F80,Variacion_vs_Libre!F99,Variacion_vs_Libre!F118,Variacion_vs_Libre!F137,Variacion_vs_Libre!F156,Variacion_vs_Libre!F175,Variacion_vs_Libre!F194),-MIN(Variacion_vs_Libre!F4,Variacion_vs_Libre!F23,Variacion_vs_Libre!F42,Variacion_vs_Libre!F61,Variacion_vs_Libre!F80,Variacion_vs_Libre!F99,Variacion_vs_Libre!F118,Variacion_vs_Libre!F137,Variacion_vs_Libre!F156,Variacion_vs_Libre!F175,Variacion_vs_Libre!F194)) -> 0.65253865 | J3: =AVERAGE(Variacion_vs_Libre!H4,Variacion_vs_Libre!H23,Variacion_vs_Libre!H42,Variacion_vs_Libre!H61,Variacion_vs_Libre!H80,Variacion_vs_Libre!H99,Variacion_vs_Libre!H118,Variacion_vs_Libre!H137,Variacion_vs_Libre!H156,Variacion_vs_Libre!H175,Variacion_vs_Libre!H194) -> -0.18435163 | K3: =STDEV(Variacion_vs_Libre!H4,Variacion_vs_Libre!H23,Variacion_vs_Libre!H42,Variacion_vs_Libre!H61,Variacion_vs_Libre!H80,Variacion_vs_Libre!H99,Variacion_vs_Libre!H118,Variacion_vs_Libre!H137,Variacion_vs_Libre!H156,Variacion_vs_Libre!H175,Variacion_vs_Libre!H194) -> 0.027379015 | L3: =MAX(Variacion_vs_Libre!H4,Variacion_vs_Libre!H23,Variacion_vs_Libre!H42,Variacion_vs_Libre!H61,Variacion_vs_Libre!H80,Variacion_vs_Libre!H99,Variacion_vs_Libre!H118,Variacion_vs_Libre!H137,Variacion_vs_Libre!H156,Variacion_vs_Libre!H175,Variacion_vs_Libre!H194)-MIN(Variacion_vs_Libre!H4,Variacion_vs_Libre!H23,Variacion_vs_Libre!H42,Variacion_vs_Libre!H61,Variacion_vs_Libre!H80,Variacion_vs_Libre!H99,Variacion_vs_Libre!H118,Variacion_vs_Libre!H137,Variacion_vs_Libre!H156,Variacion_vs_Libre!H175,Variacion_vs_Libre!H194) -> 0.084534738 | M3: =MAX(MAX(Variacion_vs_Libre!H4,Variacion_vs_Libre!H23,Variacion_vs_Libre!H42,Variacion_vs_Libre!H61,Variacion_vs_Libre!H80,Variacion_vs_Libre!H99,Variacion_vs_Libre!H118,Variacion_vs_Libre!H137,Variacion_vs_Libre!H156,Variacion_vs_Libre!H175,Variacion_vs_Libre!H194),-MIN(Variacion_vs_Libre!H4,Variacion_vs_Libre!H23,Variacion_vs_Libre!H42,Variacion_vs_Libre!H61,Variacion_vs_Libre!H80,Variacion_vs_Libre!H99,Variacion_vs_Libre!H118,Variacion_vs_Libre!H137,Variacion_vs_Libre!H156,Variacion_vs_Libre!H175,Variacion_vs_Libre!H194)) -> 0.22175664 | N3: =AVERAGE(Variacion_vs_Libre!L4,Variacion_vs_Libre!L23,Variacion_vs_Libre!L42,Variacion_vs_Libre!L61,Variacion_vs_Libre!L80,Variacion_vs_Libre!L99,Variacion_vs_Libre!L118,Variacion_vs_Libre!L137,Variacion_vs_Libre!L156,Variacion_vs_Libre!L175,Variacion_vs_Libre!L194) -> 0.042704836 | O3: =STDEV(Variacion_vs_Libre!L4,Variacion_vs_Libre!L23,Variacion_vs_Libre!L42,Variacion_vs_Libre!L61,Variacion_vs_Libre!L80,Variacion_vs_Libre!L99,Variacion_vs_Libre!L118,Variacion_vs_Libre!L137,Variacion_vs_Libre!L156,Variacion_vs_Libre!L175,Variacion_vs_Libre!L194) -> 0.22781864 | P3: =MAX(Variacion_vs_Libre!L4,Variacion_vs_Libre!L23,Variacion_vs_Libre!L42,Variacion_vs_Libre!L61,Variacion_vs_Libre!L80,Variacion_vs_Libre!L99,Variacion_vs_Libre!L118,Variacion_vs_Libre!L137,Variacion_vs_Libre!L156,Variacion_vs_Libre!L175,Variacion_vs_Libre!L194)-MIN(Variacion_vs_Libre!L4,Variacion_vs_Libre!L23,Variacion_vs_Libre!L42,Variacion_vs_Libre!L61,Variacion_vs_Libre!L80,Variacion_vs_Libre!L99,Variacion_vs_Libre!L118,Variacion_vs_Libre!L137,Variacion_vs_Libre!L156,Variacion_vs_Libre!L175,Variacion_vs_Libre!L194) -> 0.66632646 | Q3: =MAX(MAX(Variacion_vs_Libre!L4,Variacion_vs_Libre!L23,Variacion_vs_Libre!L42,Variacion_vs_Libre!L61,Variacion_vs_Libre!L80,Variacion_vs_Libre!L99,Variacion_vs_Libre!L118,Variacion_vs_Libre!L137,Variacion_vs_Libre!L156,Variacion_vs_Libre!L175,Variacion_vs_Libre!L194),-MIN(Variacion_vs_Libre!L4,Variacion_vs_Libre!L23,Variacion_vs_Libre!L42,Variacion_vs_Libre!L61,Variacion_vs_Libre!L80,Variacion_vs_Libre!L99,Variacion_vs_Libre!L118,Variacion_vs_Libre!L137,Variacion_vs_Libre!L156,Variacion_vs_Libre!L175,Variacion_vs_Libre!L194)) -> 0.39986415
